Category,食物名称,能量,热量,蛋白质,脂肪,碳水化合物,成本
,贝贝南瓜,,78 ,1.9,0.3,20.6,2.6
,白薯,,106 ,1.4,0.2,25.2,2.3
,红薯,,86 ,1.6,0.1,20.1,2.3
,桃子,,42 ,0.6,0.1,10.1,2.9
,无米寿司卷,377,90 ,6.5,4.2,3.8,10
,磨状元包浆豆腐,,122 ,11.7,7.9,1.2,6.4
,牛肉丸,594,142 ,20.2,5.8,2.1,7.3
,墨鱼丸,485,116 ,15.6,1.3,10.2,7.5
,虾丸,439,105 ,12.3,0.8,11.5,9.4
,杨梅,117,28 ,0.8,0.2,5.7,5.8
,杏,151,36 ,0.9,0.1,7.8,5.4
谷类及制品,籼米粥,251,60,1.3,0.2,13.4,0.5
谷类及制品,玉米(鲜),474,114,4,1.2,22.8,0.6
谷类及制品,玉米(白，干),1488,357,8.8,3.8,74.7,1.2
谷类及制品,玉米(黄，干),1472,353,8.7,3.8,73,1.1
谷类及制品,玉米面(白),1489,357,8,4.5,73.1,1.5
谷类及制品,玉米面(黄),1488,357,8.1,3.3,75.2,1.4
谷类及制品,玉米糁(黄),1498,359,7.9,3,75.6,1.3
谷类及制品,玉米笋(罐头),65,16,1.1,0.2,4.9,2.5
谷类及制品,大麦[元麦],1382,331,10.2,1.4,73.3,1.8
谷类及制品,青稞,1452,348,8.1,1.5,75,2
谷类及制品,小米,1530,367,9,3.1,75.1,2.5
谷类及制品,小米面,1515,363,7.2,2.1,77.7,2.8
谷类及制品,小米粥,193,46,1.4,0.7,8.4,0.6
谷类及制品,大黄米[黍子],1508,362,13.6,2.7,71.1,2.2
谷类及制品,黄米,1488,357,9.7,1.5,76.9,2.3
谷类及制品,高粱米,1523,365,10.4,3.1,74.7,1.6
谷类及制品,糜子(带皮),1422,341,10.6,0.6,75.1,1.5
谷类及制品,苦荞麦粉,1335,320,9.7,2.7,66,3
谷类及制品,荞麦,1426,342,9.3,2.3,73,2.8
谷类及制品,莜麦面,1585,380,12.2,7.2,67.8,3.2
谷类及制品,薏米[薏仁米，苡米],1530,367,12.8,3.3,71.1,3.5
谷类及制品,薏米面,1487,357,11.3,2.4,73.5,3.8
薯类、淀粉及制品,马铃薯[土豆，洋芋],328,79,2,0.2,17.2,0.7
薯类、淀粉及制品,马铃薯粉,1444,346,7.2,0.5,77.4,2
薯类、淀粉及制品,甘薯(白心)[红皮山芋],451,108,1.4,0.2,25.2,0.6
薯类、淀粉及制品,甘薯(红心)[山芋，红薯],432,104,1.1,0.2,24.7,0.5
薯类、淀粉及制品,甘薯片[白薯干],1460,350,4.7,0.8,80.5,1.5
薯类、淀粉及制品,甘薯粉[地瓜粉],1428,342,2.7,0.2,80.9,1.2
薯类、淀粉及制品,木薯,505,121,2.1,0.3,27.8,0.8
薯类、淀粉及制品,玉米淀粉,1468,352,1.2,0.1,85,1
谷类及制品,面条(干切面),1510,362,11,0.1,77.7,1.5
谷类及制品,通心面[通心粉],1491,358,11.9,0.1,75.8,2
谷类及制品,花卷,908,218,6.4,1,45.6,1
谷类及制品,空锅饼,1183,284,8.6,0.2,60.9,1.2
谷类及制品,烙饼(标准粉),1095,263,7.5,2.3,52.9,1.5
谷类及制品,馒头(均值),947,227,7,1.1,47,0.8
谷类及制品,馒头(标准粉),1003,241,7.8,1,49.8,0.7
谷类及制品,馒头(富强粉),892,214,6.2,1.2,44.2,0.9
薯类、淀粉及制品,团粉[芡粉],1484,356,1.5,,85.8,1.2
薯类、淀粉及制品,藕粉,1584,380,0.2,,93,2.5
薯类、淀粉及制品,魔芋精粉[鬼芋粉，南星粉],752,180,4.6,0.1,78.8,3
薯类、淀粉及制品,粉丝,1434,344,0.8,0.2,83.7,1.5
薯类、淀粉及制品,粉条,1438,345,0.5,0.1,84.2,1.2
干豆类及制品,绿豆(干),1393,334,21.6,0.8,62,1.8
干豆类及制品,赤小豆[小豆，红小豆](干),1374,329,20.2,0.6,63.4,2
干豆类及制品,小豆粥,263,63,1.2,0.4,13.7,0.6
干豆类及制品,豆沙,1044,250,5.5,1.9,52.7,1.5
干豆类及制品,红豆沙,1035,248,4.5,0.1,57.1,1.6
干豆类及制品,红豆馅,1108,266,4.5,0.2,61.7,1.8
干豆类及制品,花豆(干，红),1389,333,19.1,1.3,62.7,2.2
干豆类及制品,花豆(干，紫),1396,335,17.2,1.4,65.8,2.3
谷类及制品,烧饼(加糖),1261,302,8,2.1,62.7,1.5
谷类及制品,油饼,1684,404,7.9,22.9,42.4,2
谷类及制品,油条,1627,390,6.9,17.6,51,2.5
谷类及制品,水面筋,604,145,23.5,0.1,12.3,1
谷类及制品,油面筋,2061,494,26.9,25.1,40.4,1.5
谷类及制品,稻米(均值),1473,353,7.4,0.8,77.9,1.2
谷类及制品,粳米(标一),1464,351,7.7,0.6,77.4,1.5
谷类及制品,籼米(标准)[机米],1480,355,7.9,0.6,78.3,1.1
蔬菜类及制品,茄子(圆),133,32,1.6,0.2,6.7,1.2
蔬菜类及制品,茄子(紫皮，长),95,23,1,0.1,5.4,1.1
蔬菜类及制品,番茄[西红柿],86,21,0.9,0.2,4,1.2
蔬菜类及制品,奶柿子[西红柿],61,15,0.6,0.1,3.2,1.5
蔬菜类及制品,辣椒(红，尖，干),1220,293,15,12,52.7,5
蔬菜类及制品,辣椒(红，小),159,38,1.3,0.4,8.9,2
蔬菜类及制品,辣椒(青，尖),115,28,1.4,0.3,5.8,1.5
蔬菜类及制品,甜椒[灯笼椒，柿子椒],104,25,1,0.2,5.4,1.8
蔬菜类及制品,油豆角[多花菜豆](鲜),104,25,2.4,0.3,3.9,2.5
蔬菜类及制品,芸豆(鲜),124,30,0.8,0.1,7.4,2.2
蔬菜类及制品,豇豆,140,34,2.9,0.3,5.9,1.2
蔬菜类及制品,豇豆(长),136,33,2.7,0.2,5.8,1.3
蔬菜类及制品,黄豆芽,199,48,4.5,1.6,4.5,0.6
蔬菜类及制品,绿豆芽,82,20,2.1,0.1,2.9,0.5
蔬菜类及制品,豌豆苗,159,38,4,0.8,4.6,2
蔬菜类及制品,茄子(均值),98,24,1.1,0.2,4.9,1.2
干豆类及制品,眉豆[饭豇豆](干),1413,339,18.6,1.1,65.6,2.5
干豆类及制品,豇豆(干),1424,341,19.3,1.2,65.6,2
干豆类及制品,豌豆(干),1411,338,20.3,1.1,65.8,2.2
干豆类及制品,鹰嘴豆[桃豆],1431,343,21.2,4.2,60,3
干豆类及制品,荆豆(干),1708,410,43.6,14.3,28.5,2.8
蔬菜类及制品,豆角,145,35,2.5,0.2,6.7,1.5
蔬菜类及制品,"豆角(鲜,白)",147,35,2.2,0.2,7.4,1.6
蔬菜类及制品,荷兰豆,124,30,2.5,0.3,4.9,2.5
蔬菜类及制品,龙豆(鲜),149,36,3.7,0.5,5,3
蔬菜类及制品,毛豆[青豆，菜用大豆](鲜),550,132,13.1,5,10.5,1.4
蔬菜类及制品,四季豆[菜豆],132,32,2,0.4,5.7,1.5
蔬菜类及制品,"豌豆(带荚,鲜)[回回豆]",470,113,7.4,0.3,21.2,2
蔬菜类及制品,豌豆尖,969,232,3.1,,53.9,2.2
干豆类及制品,豆腐皮,1720,412,44.6,17.4,18.8,2
干豆类及制品,油豆腐,1018,244,17,17.6,4.9,1.5
干豆类及制品,腐竹,1931,463,44.6,21.7,22.3,3
干豆类及制品,千张[百页],1093,262,24.5,16,5.5,2.5
干豆类及制品,豆腐干(均值),597,143,16.2,3.6,11.5,1.5
干豆类及制品,素鸡,806,193,16.5,12.5,4.2,1.2
干豆类及制品,素什锦,739,177,14,10.2,8.3,2
干豆类及制品,烤麸,514,123,20.4,0.3,9.3,1.5
谷类及制品,香大米,1475,354,12.7,0.9,72.4,1.8
谷类及制品,籼米,1441,346,7.5,1.1,78,1
谷类及制品,糯米[江米](均值),1485,356,7.3,1,78.3,2
谷类及制品,紫红糯米[血糯米],1468,352,8.3,1.7,75.1,2.5
谷类及制品,米饭(蒸)(均值),493,118,2.6,0.3,25.9,0.5
谷类及制品,粳米粥,197,47,1.1,0.3,9.9,0.6
谷类及制品,籼米粉[排米粉],1512,363,7.4,0.1,81.5,1.5
谷类及制品,籼米粉(干，细),1470,353,8,0.1,78.3,1.6
蔬菜类及制品,心里美萝卜,97,23,0.8,0.2,4.9,0.8
蔬菜类及制品,胡萝卜(红)[金笋，丁香萝卜],164,39,1,0.2,8.8,1
蔬菜类及制品,胡萝卜(黄),193,46,1.4,0.2,10.2,0.9
蔬菜类及制品,芥菜头[大头菜，水芥],153,37,1.9,0.2,7.4,1.2
蔬菜类及制品,苤蓝[玉蔓菁，球茎甘蓝],137,33,1.3,0.2,7,1.5
蔬菜类及制品,甜菜根[甜菜头，糖萝卜](鲜),367,88,1,0.1,23.5,2
蔬菜类及制品,扁豆[月亮菜],174,42,2.7,0.2,8.2,2.5
蔬菜类及制品,刀豆(鲜),167,40,3.1,0.3,7,2.2
蔬菜类及制品,白萝卜[莱菔](鲜),95,23,0.9,0.1,5,0.5
蔬菜类及制品,变萝卜[红皮萝卜],122,29,1.2,0.1,6.4,0.6
蔬菜类及制品,红旦旦萝卜,87,21,0.8,,4.3,0.7
蔬菜类及制品,红萝卜,92,22,1,0.1,4.6,0.8
蔬菜类及制品,红心萝卜,187,45,1.2,,9.8,0.9
蔬菜类及制品,青萝卜,138,33,1.3,0.2,6.8,0.6
蔬菜类及制品,水萝卜[脆萝卜],107,26,0.8,,5.5,0.7
蔬菜类及制品,小水萝卜[算盘子，红皮萝卜],88,21,1.1,0.2,4.2,0.8
干豆类及制品,芸豆(干，白),1334,320,23.4,1.4,57.2,2.2
干豆类及制品,芸豆(干，红),1400,336,21.4,1.3,62.5,2.3
干豆类及制品,芸豆(干，虎皮),1447,347,22.5,0.9,62.5,2.4
干豆类及制品,芸豆(干，杂，带皮),1385,332,22.4,0.6,63.3,2.1
干豆类及制品,蚕豆(带皮),1379,331,24.6,1.1,59.9,2.5
干豆类及制品,蚕豆(去皮),1470,353,25.4,1.6,58.9,2.8
干豆类及制品,扁豆(干),1439,345,25.3,0.4,61.9,2.6
干豆类及制品,扁豆(干，白),1196,287,19,1.3,55.6,2.7
干豆类及制品,黄豆[大豆],1629,391,35,16,34.2,2.5
干豆类及制品,黑豆[黑大豆](干),1680,403,36,15.9,33.6,3
干豆类及制品,青豆[青大豆](干),1667,400,34.5,16,35.4,2.8
干豆类及制品,黄豆粉,1809,434,32.7,18.3,37.6,2
干豆类及制品,豆腐花[豆腐粉],1699,407,10,2.6,84.3,1.5
干豆类及制品,豆浆粉,1798,431,19.7,9.4,66.8,1.2
干豆类及制品,豆粕,1376,330,42.5,2.1,37.9,1
干豆类及制品,豆腐(均值),342,82,8.1,3.7,4.2,1
谷类及制品,小麦粉(标准粉),1478,354,11.2,1.5,73.6,1
谷类及制品,小麦粉(富强粉，特一粉),1489,357,10.3,1.1,75.2,1.2
谷类及制品,挂面(均值),1476,354,10.3,0.6,75.6,1.5
谷类及制品,挂面(标准粉),1475,354,10.1,0.7,76,1.4
谷类及制品,挂面(富强粉),1475,354,9.6,0.6,76,1.6
谷类及制品,面条(均值),1212,291,8.3,0.7,61.9,1.5
谷类及制品,面条(标准粉，切面),1202,288,8.5,1.6,59.5,1.4
谷类及制品,面条(富强粉，切面),1214,291,9.3,1.1,59.9,1.6
干豆类及制品,豆腐(北),415,100,12.2,4.8,2,1.2
干豆类及制品,豆腐(南)[南豆腐],240,58,6.2,2.5,2.6,1.1
干豆类及制品,豆腐(内酯),208,50,5,1.9,3.3,1
干豆类及制品,豆腐脑[老豆腐],62,15,1.9,0.8,Tr,1.5
干豆类及制品,豆浆,65,16,1.8,0.7,1.1,0.5
干豆类及制品,豆奶[豆乳],127,30,2.4,1.5,1.8,0.6
干豆类及制品,豆汁(生),42,10,0.9,0.1,1.4,0.8
干豆类及制品,豆腐丝,850,204,21.5,10.5,6.2,1.5
蔬菜类及制品,冬瓜,52,12,0.4,0.2,2.6,0.6
蔬菜类及制品,佛手瓜[棒瓜，菜肴梨],78,19,1.2,0.1,3.8,1.5
蔬菜类及制品,葫芦[长瓜，蒲瓜，瓠瓜],68,16,0.7,0.1,3.5,1.2
蔬菜类及制品,黄瓜[胡瓜](鲜),66,16,0.8,0.2,2.9,0.9
蔬菜类及制品,节瓜[毛瓜],61,15,0.6,0.1,3.4,1
蔬菜类及制品,金瓜,64,15,0.5,0.1,3.4,1.5
蔬菜类及制品,苦瓜[凉瓜，癞瓜](鲜),91,22,1,0.1,4.9,1.8
蔬菜类及制品,南瓜[倭瓜，番瓜](鲜),99,24,0.7,0.1,5.3,0.8
蔬菜类及制品,葫子,123,29,0.7,0.1,6.8,1.2
蔬菜类及制品,秋葵[黄秋葵，羊角豆],190,46,2,0.1,11,2.5
蔬菜类及制品,樱桃番茄[小西红柿],107,26,1,0.2,5.8,2
蔬菜类及制品,甜椒[灯笼椒、柿子椒],77,18,1,0.2,3.8,暂无公开均价
蔬菜类及制品,彩椒,109,26,1.3,0.2,6.4,2.5
蔬菜类及制品,秋葵[黄秋葵、羊角豆],104,25,1.8,0.2,6.2,暂无公开均价
蔬菜类及制品,白瓜,59,14,0.9,,2.6,1
蔬菜类及制品,菜瓜[生瓜，白瓜],80,19,0.6,0.2,3.9,1.2
蔬菜类及制品,南瓜粉,1448,347,7.1,2.1,79.6,1.5
蔬菜类及制品,蛇瓜[蛇豆，大豆角],78,19,1.5,0.1,3.9,2
蔬菜类及制品,丝瓜,90,22,1,0.2,4.2,1.5
蔬菜类及制品,笋瓜[生瓜],61,15,0.5,,3.1,1
蔬菜类及制品,西葫芦,80,19,0.8,0.2,3.8,1.2
蔬菜类及制品,飞碟瓜,73,18,1,0.1,4.4,2
蔬菜类及制品,黄茎瓜,81,19,1.2,0.9,2,1.8
蔬菜类及制品,秋黄瓜[旱黄瓜],57,14,0.9,0.2,2.5,1.5
蔬菜类及制品,南瓜(栗面),153,37,1.4,0.1,8.8,1
蔬菜类及制品,大蒜[蒜头](鲜),543,130,4.5,0.2,27.6,1
蔬菜类及制品,青蒜,142,34,2.4,0.3,6.2,1.5
蔬菜类及制品,蒜黄,102,24,2.5,0.2,3.8,2.5
蔬菜类及制品,蒜苗,170,41,2.1,0.4,8,1.2
蔬菜类及制品,蒜苔,277,66,2,0.1,15.4,2
蔬菜类及制品,大葱,139,33,1.7,0.3,6.5,1
蔬菜类及制品,细香葱[香葱，四季葱],176,42,2.5,0.3,7.2,1.5
蔬菜类及制品,"葱(小葱,鲜)",113,27,1.6,0.4,4.9,1.2
蔬菜类及制品,洋葱[葱头](鲜),171,41,1.1,0.2,9,0.8
蔬菜类及制品,韭菜,121,29,2.4,0.4,4.6,1
蔬菜类及制品,韭黄[韭芽],102,24,2.3,0.2,3.9,2.5
蔬菜类及制品,韭苔,157,38,2.2,0.1,7.8,2.2
蔬菜类及制品,薤[皎头](鲜),316,76,,,18.6,1.5
蔬菜类及制品,薤白[小根蒜，山蒜，团蒜](鲜),525,126,3.4,0.4,27.1,1.2
蔬菜类及制品,大白菜(均值),76,18,1.5,0.1,3.2,0.5
蔬菜类及制品,芥菜(大叶，鲜)[盖菜],69,17,1.8,0.4,2,1.5
蔬菜类及制品,芥蓝[甘蓝菜，盖蓝菜],92,22,2.8,0.4,2.6,2
蔬菜类及制品,结球甘蓝(紫),106,25,1.2,0.2,6.2,2.5
蔬菜类及制品,抱子甘蓝,150,36,3.5,,8.8,3
蔬菜类及制品,羽衣甘蓝,163,39,5,0.4,5.7,2.8
蔬菜类及制品,盖菜,55,13,1.5,,2.8,1.6
蔬菜类及制品,菠菜[赤根菜](鲜),116,28,2.6,0.3,4.5,1.4
蔬菜类及制品,冬寒菜[冬苋菜，冬葵](鲜),145,35,3.9,0.4,4.9,2
蔬菜类及制品,酸白菜[酸菜],62,15,1.1,0.2,2.4,1
蔬菜类及制品,小白菜,73,18,1.5,0.3,2.7,1.2
蔬菜类及制品,白菜薹[菜薹，菜心],119,29,2.8,0.5,4,2.5
蔬菜类及制品,红菜薹[紫菜薹],180,43,2.9,2.5,2.7,3
蔬菜类及制品,瓢儿白[瓢儿菜],76,18,1.7,0.2,3.2,1.5
蔬菜类及制品,乌菜[乌塌菜，塌棵菜],118,28,2.6,0.4,4.2,1.8
蔬菜类及制品,油菜,104,25,1.8,0.5,3.8,1.2
蔬菜类及制品,油菜薹[菜薹],102,24,3.2,0.4,3,2.2
蔬菜类及制品,奶白菜,89,21,2.7,0.2,3.3,1.5
蔬菜类及制品,鸡毛菜,79,19,2.7,0.2,2.6,1.2
蔬菜类及制品,娃娃菜,52,12,1.9,,2.4,1.8
蔬菜类及制品,乌塌菜[塌菜、塌棵菜],55,13,1.8,0.1,2.6,1.8
蔬菜类及制品,甘蓝[圆白菜，卷心菜],102,24,1.5,0.2,4.6,0.6
蔬菜类及制品,菜花[花椰菜],110,26,2.1,0.2,4.6,1.5
蔬菜类及制品,西兰花[绿菜花],151,36,4.1,0.6,4.3,2
蔬菜类及制品,芥菜[雪里红，雪菜](鲜),114,27,2,0.4,4.7,2.5
蔬菜类及制品,莴笋[莴苣](鲜),63,15,1,0.1,2.8,0.9
蔬菜类及制品,莴笋叶[莴苣叶],83,20,1.4,0.2,3.6,1.5
蔬菜类及制品,蕹菜[空心菜，藤藤菜],97,23,2.2,0.3,3.6,1.2
蔬菜类及制品,番杏[新西兰菠菜、夏菠菜],60,14,1.8,0.1,2.9,2
蔬菜类及制品,樱桃萝卜缨,59,14,2,0.1,2.7,1.5
蔬菜类及制品,白凤菜,66,16,1.6,,4,2.5
蔬菜类及制品,紫背天葵[红风菜、血皮菜],74,18,1.9,,3.8,3
蔬菜类及制品,观达菜[根达菜、牛皮菜],95,23,1.9,0.3,4.5,1.5
蔬菜类及制品,观达菜[根达菜，牛皮菜],67,16,1.7,0.3,2.1,暂无公开均价
蔬菜类及制品,胡萝卜缨(红，鲜),200,48,1.7,0.4,11.3,1.2
蔬菜类及制品,苦菜[节节花，拒马菜],191,46,2.8,0.6,10,2
蔬菜类及制品,萝卜缨(小萝卜),95,23,1.6,0.3,4.1,1
蔬菜类及制品,芹菜(白茎)[旱芹，药芹],71,17,0.8,0.1,3.9,1
蔬菜类及制品,芹菜茎,94,23,1.2,0.2,4.5,1.2
蔬菜类及制品,芹菜叶(鲜),147,35,2.6,0.6,5.9,1.5
蔬菜类及制品,生菜(牛俐)[油麦菜],69,17,1.4,0.4,2.1,1.2
蔬菜类及制品,竹笋(鲜),97,23,2.6,0.2,3.6,2.5
蔬菜类及制品,白笋(干),1172,281,26,4,57.1,1.5
蔬菜类及制品,春笋(鲜),106,25,2.4,0.1,5.1,2
蔬菜类及制品,冬笋(鲜),177,42,4.1,0.1,6.5,3
蔬菜类及制品,黑笋(干),1121,269,17.6,2.4,57.5,2.5
蔬菜类及制品,毛笋[毛竹笋](鲜),98,24,2.2,0.2,3.8,1.5
蔬菜类及制品,玉兰片,274,66,2.6,0.4,18.6,2
蔬菜类及制品,百合(鲜),702,168,3.2,0.1,38.8,2.5
蔬菜类及制品,"菱角(老,鲜)[龙角]",429,103,4.5,0.1,21.4,1.5
蔬菜类及制品,藕[莲藕],308,74,1.9,0.2,16.4,1.5
蔬菜类及制品,蒲菜[香蒲，甘蒲，野茭白](鲜),57,14,1.2,0.1,2.4,2
蔬菜类及制品,水芹菜,54,13,1.4,0.2,1.8,1.5
蔬菜类及制品,茭白[茭笋，茭粑](鲜),111,27,1.2,0.2,5.9,2.5
蔬菜类及制品,荸荠[马蹄，地栗](鲜),259,62,1.2,0.2,14.2,1.5
蔬菜类及制品,莼菜(瓶装)[花案菜],88,21,1.4,0.1,3.8,3
蔬菜类及制品,大薯[参薯](鲜),457,110,2.1,0.2,24.9,2
蔬菜类及制品,百合(干),1469,352,6.7,0.5,79.5,1.5
蔬菜类及制品,金针菜[黄花菜],906,217,19.4,1.4,34.9,2
蔬菜类及制品,菊苣,78,19,1.3,0.2,3.3,2.5
蔬菜类及制品,芦笋[石刁柏，龙须菜],94,23,1.4,0.1,4.9,3
蔬菜类及制品,结球菊苣,72,17,1.8,0.2,3.4,2.8
蔬菜类及制品,软化白菊苣,70,17,1.5,0.2,3.1,2.5
蔬菜类及制品,慈菇[乌芋，白地果](鲜),411,99,4.6,0.2,19.9,2
蔬菜类及制品,豆瓣菜[西洋菜，水田芥](鲜),83,20,2.9,0.5,1.5,2.5
蔬菜类及制品,豆薯[凉薯，地瓜，沙葛](鲜),240,58,0.9,0.1,13.4,1.5
蔬菜类及制品,葛[葛署，粉葛](鲜),637,153,2.2,0.2,36.1,2
蔬菜类及制品,山药[薯蓣，大薯](鲜),243,58,1.9,0.2,12.4,2.5
蔬菜类及制品,芋头[芋艿，毛芋],344,82,2.2,0.2,18.1,1.5
蔬菜类及制品,槟榔芋(鲜),380,91,3,0.1,19.7,2
蔬菜类及制品,姜[黄姜](鲜),195,47,1.3,0.6,10.3,1
蔬菜类及制品,姜(干),1294,310,9.1,5.7,64,2
蔬菜类及制品,姜(子姜，鲜)[嫩姜],89,21,0.7,0.6,3.7,1.5
蔬菜类及制品,生菜(叶用莴苣),61,15,1.3,0.3,2,1.2
蔬菜类及制品,甜菜叶(鲜),89,21,1.8,0.1,3.9,1.5
蔬菜类及制品,香菜[芫荽](鲜),140,34,1.8,0.4,6.2,1
蔬菜类及制品,苋菜(绿，鲜),124,30,2.8,0.3,5,1.2
蔬菜类及制品,"苋菜(紫,鲜)[红苋]",147,35,2.8,0.4,5.9,1.5
蔬菜类及制品,茼蒿[蓬蒿菜，艾菜](鲜),99,24,1.9,0.3,3.9,1.5
蔬菜类及制品,茴香[小茴香](鲜),114,27,2.5,0.4,4.2,2
蔬菜类及制品,荠菜[蓟菜，菱角菜](鲜),129,31,2.9,0.4,4.7,2.5
蔬菜类及制品,地肤[益明，扫帚苗](鲜),275,66,5.2,0.8,10.4,2
蔬菜类及制品,地笋[地古牛，地瓜儿苗叶](鲜),290,70,4.3,0.7,13.7,2.5
蔬菜类及制品,豆腐柴(鲜),304,73,,,17.9,3
蔬菜类及制品,独行菜(鲜),238,57,,,14,2
蔬菜类及制品,番杏[夏菠菜，新西兰菠菜],146,35,,,8.6,暂无公开均价
蔬菜类及制品,槐花[洋槐花，豆槐花](鲜),348,83,3.1,0.7,17,2.5
蔬菜类及制品,黄麻叶(鲜),177,42,4.7,0.3,5.7,2
蔬菜类及制品,苦苦菜(鲜),175,42,2.5,0.9,6.8,2.5
蔬菜类及制品,洋姜[菊芋，鬼子姜](鲜),309,74,2.4,,15.8,1.5
蔬菜类及制品,艾蒿,231,55,,,13.6,2
蔬菜类及制品,白花菜,107,26,,,6.3,2.5
蔬菜类及制品,白花桔梗,325,78,,,19.1,3
蔬菜类及制品,白沙蒿[沙蒿](鲜),234,56,4.3,0.9,8.5,2.5
蔬菜类及制品,白薯叶[甘薯叶](鲜),252,60,4.8,0.7,9,1.5
蔬菜类及制品,百里香(鲜),292,70,,,17.2,3
蔬菜类及制品,败酱[胭脂麻](鲜),289,69,1.5,1,17.3,2.5
蔬菜类及制品,马齿苋[长寿菜，瓜子菜](鲜),118,28,2.3,0.5,3.9,1.6
蔬菜类及制品,马兰头[马兰，鸡儿肠，路边菊](鲜),119,29,2.4,0.4,4.6,2.5
蔬菜类及制品,牛至,299,72,,,17.6,3
蔬菜类及制品,牛蒡叶(鲜),175,42,4.7,0.8,5.1,2.5
蔬菜类及制品,球茎茴香,209,50,,,12.3,2
蔬菜类及制品,汤菜(鲜),100,24,1.8,0.5,3.4,1.5
蔬菜类及制品,夏枯草[铁色草](鲜),267,64,2.5,0.7,12.7,2.5
蔬菜类及制品,香椿[香椿芽](鲜),213,51,1.7,0.4,10.9,2.4
蔬菜类及制品,榆钱(鲜),187,45,4.8,0.4,7.6,2
蔬菜类及制品,苣荬菜(尖叶)[取荬菜，苦麻子],197,47,,,11.6,2.5
蔬菜类及制品,苜蓿[草头，金花菜],270,65,3.9,1,10.9,2.6
蔬菜类及制品,荞菜[野荞](鲜),54,13,0.7,0.2,2.7,2
蔬菜类及制品,蕨菜[龙头菜，如意菜](鲜),179,43,1.6,0.4,9,2.5
蔬菜类及制品,枸杞菜[枸杞，地骨](鲜),198,47,5.6,1.1,4.5,2
蔬菜类及制品,酢浆草[酸酸草，酸溜溜](鲜),282,68,3.1,0.5,12.4,2.5
蔬菜类及制品,鱼腥草(叶)[蕺菜、臭菜],131,31,2.1,,10.7,2
蔬菜类及制品,扁蓄菜[竹节草](鲜),316,76,6,0.6,12.4,2.5
蔬菜类及制品,朝鲜蓟(鲜),229,55,2.7,0.2,10.9,3
蔬菜类及制品,刺儿菜[小蓟，蓟蓟菜](鲜),175,42,4.5,0.4,5.9,2.5
蔬菜类及制品,刺楸(鲜),784,188,,,46.1,3
蔬菜类及制品,达乌里胡枝子[牛枝子，豆豆苗](鲜),495,119,7,1,23.1,2.5
蔬菜类及制品,大玻璃草叶[大车前](鲜),208,50,4.4,0.3,8.8,2
蔬菜类及制品,大巢菜[野苕子，野豌豆](鲜),265,64,3.8,0.5,13.6,2.5
蔬菜类及制品,大蓟叶[飞廉叶](鲜),158,38,1.5,1.4,5.5,2.5
菌藻类,草菇[大黑头细花草],112,27,2.7,0.2,4.3,2.5
菌藻类,大红菇(干)[草质红菇],1099,264,24.4,2.8,50.9,15
菌藻类,冬菇(干)[毛柄金线菌],1158,278,17.8,1.3,64.6,8
菌藻类,黄蘑(干),851,204,16.4,1.5,40.1,6
菌藻类,金针菇[智力菇](鲜),133,32,2.4,0.4,6,1.5
菌藻类,口蘑(白蘑),1162,279,38.7,3.3,31.6,5
菌藻类,蘑菇(鲜蘑),100,24,2.7,0.1,4.1,1.2
菌藻类,蘑菇(干),1234,296,21,4.6,52.7,5
蔬菜类及制品,鱼腥草(根),261,63,2.1,,19.5,1.5
菌藻类,木耳(干)[黑木耳，云耳],1107,265,12.1,1.5,65.6,6
菌藻类,木耳(水发)[黑木耳，云耳],112,27,1.5,0.2,6,2
菌藻类,平菇[糙皮侧耳，青蘑],101,24,1.9,0.3,4.6,1
菌藻类,普中红蘑(干),1105,265,18.4,0.7,58.1,10
菌藻类,松蘑(干)[松口蘑，松茸],853,205,20.3,3.2,48.2,20
菌藻类,香菇[香蕈，冬菇](鲜),107,26,2.2,0.3,5.2,1.5
菌藻类,香菇(干)[香蕈，冬菇],1149,276,20,1.2,61.7,9
菌藻类,羊肚菌[干狼肚](干),1347,323,26.9,7.1,43.7,15
菌藻类,紫菜(干),1050,252,26.7,1.1,44.1,4
菌藻类,裙带菜(干)[海芥菜、海木耳],828,199,25,1.7,41.5,3
菌藻类,竹荪(干)[竹笙、竹参],1025,246,17.8,3.1,60.3,10
菌藻类,发菜(干)[仙菜],1081,259,20.2,0.5,60.8,8
菌藻类,海带[江白菜](鲜),55,13,1.2,0.1,2.1,1
菌藻类,海带(干)[江白菜，昆布],377,90,1.8,0.1,23.4,3
菌藻类,海带(浸)[江白菜，昆布],65,16,1.1,0.1,3,1.5
菌藻类,海冻菜[石花菜，冻菜](干),1335,320,5.4,0.1,72.9,5
菌藻类,琼脂[紫菜胶洋粉],1322,317,1.1,0.2,76.3,10
菌藻类,苔菜(干)[苔条，条浒苔],703,169,19,0.4,26.3,4
菌藻类,鸡枞(油炸)[油鸡枞],2659,638,4.8,66.3,10.2,15
菌藻类,牛肝菌(白)[美味牛肝菌],146,35,4,0.4,4.5,5
菌藻类,牛肝菌(白、干)[美味牛肝菌],1244,298,27.8,1.6,53.3,10
菌藻类,牛肝菌(黑)[铜色牛肝菌],136,33,3.6,0.2,4.8,12
菌藻类,牛肝菌（黄皮牛肝菌，鲜)[黄皮疣柄牛肝菌、黄癞头],132,32,4.3,0.1,5.3,8
菌藻类,乳牛肝菌(干)[粘盖牛肝菌、松树菌],1099,264,15.3,2.8,66,6
菌藻类,青头菌[变绿红菇、绿菇],83,20,2.7,0.1,3.1,4
菌藻类,杏鲍菇,148,35,1.3,0.1,8.3,2
菌藻类,银耳(干)[白木耳],1092,262,10,1.4,67.3,8
菌藻类,珍珠白蘑(干),1084,260,18.3,0.7,56.3,12
菌藻类,榛蘑(干)[假蜜环菌],747,179,9.5,3.7,31.9,7
菌藻类,榛蘑(水发),220,53,2.8,1.1,9.4,3
菌藻类,茶树菇(干)[柱状田头菇、油茶菇],1304,313,23.1,2.6,56.1,8
菌藻类,黄伞菇(干)[多脂鳞伞、黄丝菌],1231,295,22.8,3.2,57.5,6
菌藻类,鸡腿菇(干)[毛头鬼伞],1239,297,26.7,2,51.8,5
菌藻类,鸡枞(干),1246,299,32.8,3.7,44.8,12
水果类及制品,苹果(罐头),174,42,0.2,0.2,10.3,2
水果类及制品,梨(均值),212,51,0.4,0.2,13.3,1.5
水果类及制品,长把梨,261,63,0.8,0.8,14.9,1.8
水果类及制品,冬果梨,193,46,0.4,0.2,12.8,1.6
水果类及制品,鹅黄梨,174,42,0.3,0.1,10.7,1.7
水果类及制品,红肖梨,182,44,0.2,,10.5,1.5
水果类及制品,锦丰梨,215,52,0.2,0.1,13.9,1.8
水果类及制品,梨(京白梨),242,58,0.2,0.5,13.7,1.6
水果类及制品,梨(库尔勒梨),173,41,0.1,0.1,13.4,2
水果类及制品,梨(莱阳梨),229,55,0.3,0.2,14.1,1.8
水果类及制品,马蹄黄梨,210,50,0.3,0.1,12.5,1.5
水果类及制品,明月梨,230,55,0.3,0.2,13.3,1.7
水果类及制品,木梨,133,32,0.4,0.1,8.2,1.6
水果类及制品,梨(苹果梨),223,53,0.2,0.1,13.9,1.8
水果类及制品,软梨,131,31,0.4,0.2,11.7,1.5
水果类及制品,苏梅梨,325,78,1.2,0.2,20.5,1.6
水果类及制品,苹果（黄元帅苹果),248,59,0.2,0.3,14.7,1.5
水果类及制品,金元帅苹果,223,53,0.2,0.1,13.3,1.6
水果类及制品,青香蕉苹果,220,53,0.3,0.1,13.1,1.4
水果类及制品,秋里蒙苹果,180,43,0.2,0.2,11.9,1.5
水果类及制品,香玉苹果,264,63,0.5,0.1,15.7,1.6
水果类及制品,印度苹果,225,54,0.6,0.2,14.8,1.4
水果类及制品,祝光苹果,209,50,0.4,0.1,12.5,1.3
水果类及制品,倭锦苹果,227,54,0.2,0.2,13.6,1.4
水果类及制品,苏木梨,222,53,0.6,0.3,13.1,1.5
水果类及制品,酥梨,192,46,0.3,0.1,11.4,1.6
水果类及制品,酸梨,139,33,0.1,0.1,9.8,1.2
水果类及制品,梨(香梨),216,52,0.3,0.1,13.6,2
水果类及制品,梨(雪花梨),180,43,0.2,0.1,10.6,1.6
水果类及制品,雪梨,335,80,0.9,0.1,20.2,1.5
水果类及制品,梨(鸭梨),190,46,0.2,0.2,11.1,1.4
水果类及制品,梨(鳄梨),707,170,2,15.3,7.4,8
水果类及制品,梨(糖水罐头),153,37,0.5,0.2,8.8,2
水果类及制品,红果[山里红，大山楂],429,103,0.5,0.6,25.1,2.5
水果类及制品,红果(干),1040,249,4.3,2.2,78.4,1.5
水果类及制品,海棠果[楸子],323,77,0.3,0.2,19.2,2
水果类及制品,沙果,295,71,0.4,0.1,17.8,1.5
水果类及制品,酸刺,472,113,2.8,0.3,25.5,3
水果类及制品,蛇果,248,59,0.1,0.2,14.9,2.5
水果类及制品,桃(均值),215,52,0.9,0.1,12.2,2
水果类及制品,苹果(均值),229,55,0.2,0.2,13.5,1.5
水果类及制品,苹果（国光苹果）,235,56,0.3,0.3,13.3,1.2
水果类及制品,苹果（红富士苹果),207,50,0.7,0.4,11.7,1.6
水果类及制品,红香蕉苹果,215,52,0.4,0.2,12.3,1.5
水果类及制品,红星苹果,246,59,0.4,0.1,14.3,1.6
水果类及制品,红玉苹果,218,52,0.2,0.2,14.7,1.4
水果类及制品,红元帅苹果,256,61,0.2,0.4,14.3,1.5
水果类及制品,苹果（黄香蕉苹果),226,54,0.3,0.2,13.7,1.4
水果类及制品,杏,162,39,0.9,0.1,9.1,2
水果类及制品,杏(罐头),170,41,0.6,0.2,9.7,2.5
水果类及制品,杏干,1435,344,2.7,0.4,83.2,1.5
水果类及制品,布朗,187,45,0.6,0.2,10.7,3
水果类及制品,西梅,177,42,0.7,0.1,10.3,4
水果类及制品,枣(鲜),531,127,1.1,0.3,30.5,2
水果类及制品,枣(干),1170,281,3.2,0.5,67.8,1.5
水果类及制品,枣（金丝小枣）,1302,312,1.2,1.1,76.7,2.5
水果类及制品,桃（黄桃）,239,57,0.5,0.1,14,2.5
水果类及制品,桃（久保桃）,179,43,0.6,0.1,10,2
水果类及制品,蜜桃,182,44,0.9,0.2,9.8,2.5
水果类及制品,蒲桃,164,39,0.5,0.2,10.2,3
水果类及制品,桃(糖水罐头),255,61,0.3,,14.7,2
水果类及制品,李子,159,38,0.7,0.2,8.7,2.5
水果类及制品,李子杏,157,38,1,0.1,8.6,2.8
水果类及制品,梅[青梅],145,35,0.9,0.9,6.2,3
水果类及制品,小叶桔,168,40,1.1,0.2,8.8,2.5
水果类及制品,桔饼,1573,377,0.6,0.4,92.9,1.5
水果类及制品,柚[文旦],179,43,0.8,0.2,9.5,2
水果类及制品,柠檬,157,38,1.1,1.2,6.2,3
水果类及制品,葡萄柚(台湾)[西柚],145,35,0.7,0.3,7.8,4
水果类及制品,葡萄柚(以色列)[西柚],169,41,0.7,0.1,10,3.5
水果类及制品,芭蕉[甘蕉，板蕉，牙蕉],487,117,1.2,0.1,28.9,1.5
水果类及制品,菠萝[凤梨，地菠萝],184,44,0.5,0.1,10.8,2
水果类及制品,红玫瑰葡萄,176,42,0.4,0.2,10.7,2.5
水果类及制品,葡萄(巨峰),215,52,0.4,0.2,12,2
水果类及制品,葡萄(马奶子),174,42,0.5,0.4,9.1,2.5
水果类及制品,葡萄(玫瑰香),218,52,0.4,0.4,12.1,3
水果类及制品,葡萄干,1461,350,2.5,0.4,83.4,1.5
水果类及制品,石榴(均值),306,73,1.4,0.2,18.7,2.5
水果类及制品,柿,312,75,0.4,0.1,18.5,2
水果类及制品,柿饼,1082,259,1.8,0.2,62.8,1.5
水果类及制品,草莓[洋莓，凤阳草莓],135,32,1,0.2,7.1,3
水果类及制品,红提子葡萄,229,55,0.4,0.2,13.1,2.5
水果类及制品,无花果(干),1422,341,3.6,4.3,77.7,1.5
水果类及制品,橙,204,49,0.8,0.2,11.1,2
水果类及制品,柑桔(均值),218,52,0.7,0.2,11.9,2
水果类及制品,桔(金桔)[金枣],245,59,1,0.2,13.7,2.5
水果类及制品,芦柑,187,45,0.6,0.2,10.3,1.8
水果类及制品,蜜桔,191,46,0.8,0.4,10.3,2
水果类及制品,黑枣(无核)[乌枣],991,238,1.7,0.3,57.3,1.5
水果类及制品,酒枣,629,151,1.6,0.2,35.7,2
水果类及制品,蜜枣,1412,339,1.3,0.2,84.4,1.5
水果类及制品,蜜枣(无核),1386,332,1,0.1,81.9,1.6
水果类及制品,冬枣,476,114,1.8,0.2,27.8,3
水果类及制品,酸枣,1266,304,3.5,1.5,73.3,2.5
水果类及制品,樱桃,197,47,1.1,0.2,10.2,4
水果类及制品,葡萄(均值),187,45,0.5,0.2,10.3,2
水果类及制品,桑葚(均值),241,58,1.7,0.4,13.8,3
水果类及制品,桑葚(白),251,60,1.8,0.3,14.9,3.5
水果类及制品,桑葚(红),232,56,1.6,0.4,12.9,2.8
水果类及制品,醋栗[灯笼果],192,46,0.9,0.6,10.1,3
水果类及制品,黑醋栗[黑加仑],277,66,1.4,0.4,15.3,4
水果类及制品,沙棘,508,122,0.9,1.8,25.5,3.5
水果类及制品,无花果,274,66,1.5,0.1,16,2.5
水果类及制品,中华猕猴桃[毛叶猕猴桃],259,62,0.8,0.6,14.5,2.5
水果类及制品,人参果,365,88,0.6,0.7,21.2,3
水果类及制品,香蕉[甘蕉],394,94,1.4,0.2,22,1.5
水果类及制品,杨梅[树梅，山杨梅],126,30,0.8,0.2,6.7,2.5
水果类及制品,杨桃,133,32,0.6,0.2,7.4,3
水果类及制品,椰子,1006,241,4,12.1,31.3,2
水果类及制品,枇杷,172,41,0.8,0.2,9.3,3
水果类及制品,橄榄(白榄),242,58,0.8,0.2,15.1,2.5
水果类及制品,余柑子[油柑子],189,45,0.3,0.1,12.4,3
水果类及制品,菠萝蜜[木菠萝],444,106,0.2,0.3,25.7,4
水果类及制品,刺梨[茨梨，木梨子],266,64,0.7,0.1,16.9,3.5
水果类及制品,番石榴[鸡矢果，番桃],222,53,1.1,0.4,14.2,2.5
水果类及制品,桂圆,303,73,1.2,0.1,16.6,2
水果类及制品,桂圆(干),1176,282,5,0.2,64.8,1.5
水果类及制品,荔枝,300,72,0.9,0.2,16.6,2.5
水果类及制品,芒果[抹猛果，望果],147,35,0.6,0.2,8.3,3
水果类及制品,木瓜[番木瓜],122,29,0.4,0.1,7,2.5
坚果、种子类,腰果,2327,558,17.3,36.7,41.6,5
坚果、种子类,榛子(干),2324,557,20,44.8,24.3,4
坚果、种子类,榛子(炒),2529,606,30.5,50.3,13.1,4.5
坚果、种子类,开心果(熟),2610,626,20.6,53,21.9,6
坚果、种子类,胡麻籽,1860,446,19.1,30.7,39.5,2.5
坚果、种子类,花生(鲜)[落花生，长生果],1296,311,12,25.4,13,1.5
坚果、种子类,花生(炒),2493,598,21.7,48,23.8,2
坚果、种子类,花生仁(生),2380,571,24.8,44.3,21.7,2.5
坚果、种子类,花生仁(炒),2447,587,23.9,44.4,25.7,3
坚果、种子类,葵花子(生),2522,605,23.9,49.9,19.1,2
坚果、种子类,葵花子(炒),2589,621,22.6,52.8,17.3,2.5
坚果、种子类,葵花子仁,2544,610,19.1,53.4,16.7,3
坚果、种子类,莲子(干),1482,355,17.2,2,67.2,2.5
坚果、种子类,南瓜子(炒)[白瓜子],2415,579,36,46.1,7.9,2.5
坚果、种子类,南瓜子仁,2383,571,33.2,48.1,4.9,3
坚果、种子类,西瓜子(炒),2414,579,32.7,44.8,14.2,2
坚果、种子类,西瓜子仁,2347,563,32.4,45.9,8.6,2.5
坚果、种子类,芝麻籽(白),2225,534,18.4,39.6,31.5,2.5
坚果、种子类,芝麻籽(黑),2312,554,19.1,46.1,24,2.6
坚果、种子类,芡实米(鲜)[鸡头米],614,147,4.4,0.2,31.5,2.5
坚果、种子类,花生(烤，勤俭牌),2429,582,26.4,46.3,21.2,3
坚果、种子类,花生(烤，密日兴牌),1987,476,16.6,22.3,55.9,3.2
坚果、种子类,花生仁(油炸),2411,578,22.2,47.1,26.2,3.5
畜肉类及制品,猪肉(肥瘦)(均值),1634,392,13.2,37,2.4,2.6
畜肉类及制品,猪肉(肥),3319,796,2.4,88.6,0,2
畜肉类及制品,猪肉(后臀尖),1388,333,14.6,30.8,Tr,3
畜肉类及制品,猪肉(后肘),1325,318,17,28,Tr,2.8
畜肉类及制品,猪肉(肋条肉),2341,561,9.3,59,0,3.2
畜肉类及制品,猪肉(里脊),648,155,20.2,7.9,0.7,3.5
畜肉类及制品,猪肉(奶脯)[软五花，猪夹心],1437,345,7.7,35.3,0,2.5
畜肉类及制品,猪肉(奶面)[硬五花],1401,336,13.6,30.6,2.2,2.8
坚果、种子类,白果(干)[银杏],1507,361,13.2,1.3,72.6,2.5
坚果、种子类,菠萝蜜子,698,167,4.9,0.3,36.7,3
坚果、种子类,核桃(鲜),1389,333,12.8,29.9,6.1,2.5
坚果、种子类,核桃(干)[胡桃],2668,640,14.9,58.8,19.1,4
坚果、种子类,山核桃(干),2550,612,18,50.4,26.2,5
坚果、种子类,山核桃(熟)[小核桃],2532,607,7.9,50.8,34.6,5.5
坚果、种子类,栗子(鲜)[板栗],799,192,4.2,0.7,42.2,2
坚果、种子类,栗子(干),1475,354,5.3,1.7,78.4,1.5
水果类及制品,红毛丹,345,83,1,1.2,17.5,4
水果类及制品,火龙果[仙蜜果、红龙果],234,56,1.1,0.2,13.3,2.5
水果类及制品,荔枝(干),1389,333,4.5,1.2,77.4,1.5
水果类及制品,榴莲,632,152,2.6,3.3,28.3,8
水果类及制品,白兰瓜,97,23,0.6,0.1,5.3,2
水果类及制品,哈蜜瓜,145,35,0.5,0.1,7.9,2.5
水果类及制品,甜瓜[香瓜],112,27,0.4,0.1,6.2,2
水果类及制品,西瓜(均值),110,26,0.6,0.1,5.8,0.8
坚果、种子类,栗子(熟)[板栗],908,218,4.8,1.5,46,2.5
坚果、种子类,松子(生),2742,658,12.6,62.6,19,5
坚果、种子类,松子(炒),2656,637,14.1,58.5,21.4,5.5
坚果、种子类,松子仁,2957,709,13.4,70.6,12.2,6
坚果、种子类,杏仁,2397,575,22.5,45.4,23.9,4
坚果、种子类,杏仁(大),2232,535,19.9,42.9,27.8,4.5
坚果、种子类,杏仁(炒),2560,614,25.7,51,18.7,5
坚果、种子类,橡实[橡子，青冈子],989,237,4,2,50.5,2
畜肉类及制品,猪肉松(均值),1668,400,23.4,11.5,49.7,8
畜肉类及制品,酱排骨,1520,365,21.7,26.7,9.6,6
畜肉类及制品,蛋清肠,1155,277,12.5,22.8,5.8,3
畜肉类及制品,风干肠,1173,281,12.4,23.3,5.9,4
畜肉类及制品,广东香肠,1795,430,18,37.3,6.4,5
畜肉类及制品,火腿肠,888,213,14,10.4,15.6,2.5
畜肉类及制品,腊肠,2421,581,22,48.3,15.3,4.5
畜肉类及制品,蒜肠,1283,308,7.5,25.4,12.7,3.5
畜肉类及制品,猪血,234,56,12.2,0.3,0.9,1
畜肉类及制品,叉烧肉,1164,279,23.8,16.9,7.9,5
畜肉类及制品,腊肉(培根),756,181,22.3,9,2.6,4.5
畜肉类及制品,腊肉(生),2056,493,11.8,48.8,2.9,3.5
畜肉类及制品,午餐肉,952,228,9.4,15.9,12,3
畜肉类及制品,咸肉,1613,387,16.5,36,Tr,3
畜肉类及制品,猪肝(卤煮),851,204,26.4,8.3,5.6,4
畜肉类及制品,猪蹄(熟),1085,260,23.6,17,3.2,5
畜肉类及制品,猪肚,459,110,15.2,5.1,0.7,3
畜肉类及制品,猪肺,353,85,12.2,3.9,0.1,2.5
畜肉类及制品,猪肝,543,130,19.3,3.5,5,2
畜肉类及制品,猪脑,546,131,10.8,9.8,Tr,3
畜肉类及制品,猪舌[口条],966,232,15.7,18.1,1.7,3.5
畜肉类及制品,猪肾[猪腰子],404,97,15.4,3.2,1.4,3
畜肉类及制品,猪小肠,273,65,10,2,1.7,2.5
畜肉类及制品,猪心,497,119,16.6,5.3,1.1,3
畜肉类及制品,猪肉(前肘),1191,286,17.3,22.9,2.9,2.8
畜肉类及制品,猪肉(瘦),600,144,20.3,6.2,1.5,3.2
畜肉类及制品,猪肉(腿),792,190,17.9,12.8,0.8,3
畜肉类及制品,猪大肠,809,194,6.9,18.7,0,2.5
畜肉类及制品,猪大排,1095,263,18.3,20.4,1.7,3.5
畜肉类及制品,猪耳,735,176,19.1,11.1,Tr,4
畜肉类及制品,猪蹄,1080,259,22.6,18.8,Tr,3
畜肉类及制品,猪小排,1151,276,16.7,23.1,0.7,3.8
畜肉类及制品,牛肉(后腱),416,100,20.1,1,2.2,8
畜肉类及制品,牛肉(里脊),451,108,22.2,0.9,2.4,9
畜肉类及制品,牛肉(前腿),442,106,19.2,1.8,2.9,7.5
畜肉类及制品,牛肉(前腱),480,115,20.3,1.3,5.1,7.8
畜肉类及制品,牛肉(瘦),449,108,20.2,2.3,1.2,8.5
畜肉类及制品,牛蹄筋,642,154,34.1,0.5,2.6,5
畜肉类及制品,牛鞭(泡发),496,119,27.2,0.9,0,10
畜肉类及制品,牛大肠,279,67,11,2.3,0.4,4
畜肉类及制品,牛肉干,2288,549,45.6,40,1.9,15
畜肉类及制品,牛肉松,1871,449,8.2,15.7,67.7,10
畜肉类及制品,羊肉(肥瘦)(均值),845,203,19,14.1,Tr,7
畜肉类及制品,羊肉(后腿),462,111,19.5,3.4,0.3,7.5
畜肉类及制品,羊肉(颈),570,137,21.3,4.6,2.2,6.5
畜肉类及制品,羊肉(里脊),435,104,20.5,1.6,1.6,8
畜肉类及制品,羊肉(前腿),462,111,18.6,3.2,1.6,6.8
畜肉类及制品,羊肉(青羊),420,101,21.3,1.1,1,7.2
畜肉类及制品,狗肉,486,117,16.8,4.6,1.8,6
畜肉类及制品,兔肉,432,104,19.7,2.2,0.9,5
畜肉类及制品,牛肚,306,73,14.5,1.6,Tr,4.5
畜肉类及制品,牛肺,399,96,16.5,2.5,1.5,3.5
畜肉类及制品,牛肝,586,141,19.8,3.9,6.2,4
畜肉类及制品,牛脑,621,149,12.5,11,0.1,5
畜肉类及制品,牛舌,815,195,17,13.3,2,5.5
畜肉类及制品,牛肾,398,95,15.6,2.4,2.6,4.5
畜肉类及制品,牛心,444,106,15.4,3.5,3.1,4
畜肉类及制品,酱牛肉,1029,247,31.4,11.9,3.2,9
畜肉类及制品,羊肉(瘦),496,119,20.5,3.9,0.2,7.5
畜肉类及制品,羊肉(胸脯),559,134,19.4,6.2,Tr,6.5
畜肉类及制品,山羊肉(冻),1214,291,8.7,24.5,9.4,6
畜肉类及制品,羊蹄筋(生),672,161,34.3,2.4,0,4
畜肉类及制品,羊大肠,317,76,13.4,2.4,Tr,3.5
畜肉类及制品,羊肚,364,87,12.2,3.4,1.8,4
畜肉类及制品,羊肺,407,98,16.2,2.4,2.5,3
畜肉类及制品,羊肝,563,135,17.9,3.6,7.4,3.5
畜肉类及制品,羊脑,590,141,11.3,10.7,0.1,4
畜肉类及制品,羊舌,937,225,19.4,14.2,4.8,4.5
畜肉类及制品,羊肾,403,97,16.6,2.8,1,4
畜肉类及制品,羊心,472,113,13.8,5.5,2,3.5
畜肉类及制品,羊血,240,58,6.8,0.2,6.9,1.5
畜肉类及制品,腊羊肉,1031,247,26.1,10.6,11.5,5
畜肉类及制品,羊肉串(烤),864,207,26,10.3,2.4,10
畜肉类及制品,羊肉串(炸),907,218,18.3,11.5,10,8
畜肉类及制品,香肠,2106,505,24.1,40.7,11.2,4
畜肉类及制品,小泥肠,1220,293,11.3,26.3,3.2,3.5
畜肉类及制品,午餐肚,767,184,9.3,0.5,34.7,3
畜肉类及制品,火腿,1369,328,16,27.4,4.9,5
畜肉类及制品,金华火腿,1317,316,16.4,28,0.1,10
畜肉类及制品,牛肉(肥瘦)(均值),528,127,19.9,4.2,2,7.5
畜肉类及制品,牛肉(腑肋),516,124,18.6,5.4,Tr,7
畜肉类及制品,牛肉(后腿),448,107,20.9,2,1.1,7.8
畜肉类及制品,山羊肉(酱),1139,273,25.4,13.7,11.8,8
畜肉类及制品,驴肉(瘦),491,118,21.5,3.2,0.4,6
畜肉类及制品,驴肉(酱),677,162,33.7,2.8,Tr,7
畜肉类及制品,驴肉(卤),640,153,27.7,1.9,5.8,7.5
畜肉类及制品,驴肉(煮),959,230,27,13.5,0,6.5
畜肉类及制品,马肉,514,123,20.1,4.6,0.1,5
畜肉类及制品,马心,438,105,18.9,2.7,1,4
畜肉类及制品,马肉(卤),717,172,30.5,4.8,1.2,6
禽肉类及制品,火鸡腿,384,92,20,1.2,0,4
禽肉类及制品,火鸡胸脯肉,436,105,22.4,0.2,2.8,5
禽肉类及制品,火鸡肝,600,144,20,5.6,3.1,3
禽肉类及制品,火鸡肫,387,93,18.9,0.3,3.2,3.5
禽肉类及制品,鸽,835,200,16.5,14.2,1.7,3
禽肉类及制品,鹌鹑,462,111,20.2,3.1,0.2,2.5
禽肉类及制品,乳鸽,1454,349,11.3,34.1,Tr,4
禽肉类及制品,乳鸽(红烧),1057,253,16.9,20.8,Tr,6
乳类及制品,牛乳(新南洋牌),278,67,3.1,3.8,5,0.6
乳类及制品,牛乳(帕玛拉特),254,61,2.9,3.2,5.1,0.7
乳类及制品,牛乳(伊利牌),283,68,3.2,3.7,5.4,0.6
乳类及制品,牛乳(部分脱脂，帕玛拉特),182,44,2.9,1.3,5,0.7
乳类及制品,牛乳(脱脂，帕玛拉特),138,33,2.9,0.2,4.8,0.8
乳类及制品,牛乳(强化锌、钙，帕玛拉特),251,60,3,3.1,5,0.8
乳类及制品,牛奶(草莓味，卡夫牌),332,80,2.7,3,10.3,0.8
乳类及制品,牛奶(巧克力味，卡夫牌),336,81,2.8,3.2,10,0.8
乳类及制品,乳品（牛乳，均值),227,54,3,3.2,3.4,0.6
乳类及制品,牛乳(光明牌),256,61,3.1,3.2,5,0.6
乳类及制品,牛乳(乐百氏牌),278,67,3.3,3.8,4.8,0.7
乳类及制品,牛乳(帕玛拉特牌),256,61,3,3.1,5.3,0.7
乳类及制品,牛乳(三元牌),289,69,3.4,3.9,5.1,0.6
乳类及制品,牛乳(完达山牌),251,60,2.9,3.2,4.9,0.6
乳类及制品,牛乳(龙丹牌),277,66,2.9,3.8,5.1,0.7
乳类及制品,牛乳(蒙牛牌),280,67,3.1,3.7,5.3,0.6
禽肉类及制品,鸡(均值),698,167,19.3,9.4,1.3,2
禽肉类及制品,鸡(土鸡，家养),520,125,20.8,4.5,0,3
禽肉类及制品,肉鸡(肥),1609,386,16.7,35.4,0.9,1.8
禽肉类及制品,鸡(乌骨鸡),469,112,22.3,2.3,0.3,2.5
禽肉类及制品,鸡胸脯肉,557,134,19.4,5,2.5,2.2
禽肉类及制品,鸡翅,811,194,17.4,11.8,4.6,2.5
禽肉类及制品,鸡腿,753,181,16,13,Tr,2.3
禽肉类及制品,鸡爪,1059,254,23.9,16.4,2.7,2
禽肉类及制品,鸭胸脯肉,379,91,15,1.5,4,2.5
禽肉类及制品,鸭翅,613,147,16.5,6.1,6.3,2.8
禽肉类及制品,鸭掌,633,152,26.9,1.9,6.2,2.5
禽肉类及制品,鸭肠,537,129,14.2,7.8,0.4,2
禽肉类及制品,鸭肝,533,128,14.5,7.5,0.5,2.5
禽肉类及制品,鸭舌[鸭条],1018,244,16.6,19.7,0.4,3
禽肉类及制品,鸭心,596,143,12.8,8.9,2.9,2.5
禽肉类及制品,鸭血(白鸭),457,110,13.6,0.4,12.4,1.5
禽肉类及制品,鸭肫,388,93,17.9,1.3,2.1,3
禽肉类及制品,北京烤鸭,1805,433,16.6,38.4,6,5
禽肉类及制品,酱鸭,1109,266,18.9,18.4,6.3,4.5
禽肉类及制品,盐水鸭(熟),1296,311,16.6,26.1,2.8,4
禽肉类及制品,鹅,1041,250,17.9,19.9,0,3
禽肉类及制品,鹅肝,542,130,15.2,3.4,9.3,5
禽肉类及制品,鹅肫,422,101,19.6,1.9,1.1,3.5
禽肉类及制品,烧鹅,1202,288,19.7,21.5,4.2,6
禽肉类及制品,鸡肝,507,122,16.6,4.8,2.8,2
禽肉类及制品,鸡心,717,172,15.9,11.8,0.6,2.5
禽肉类及制品,鸡血,210,50,7.8,0.2,4.1,1.5
禽肉类及制品,鸡肫[鸡胗],498,119,19.2,2.8,4,3
禽肉类及制品,扒鸡,910,218,29.6,11,0,4
禽肉类及制品,烤鸡,1000,240,22.4,16.7,0.1,4.5
禽肉类及制品,鸡肉松,1848,443,7.2,16.4,65.8,8
禽肉类及制品,鸭(均值),996,239,15.5,19.7,0.2,2.5
乳类及制品,牛奶(巧克力味，三元牌),311,75,2.3,2.8,9.9,0.8
乳类及制品,学生奶,278,67,2.6,2.6,8.1,0.5
乳类及制品,乳品（鲜羊乳）,247,59,1.5,3.5,5.4,1
乳类及制品,全脂加糖奶粉,2054,493,22.5,23.4,47.4,1.5
乳类及制品,全脂速溶奶粉,1956,469,19.9,18.9,54,1.6
乳类及制品,全脂奶粉(雀巢),2161,518,24,28,42.2,1.8
乳类及制品,全脂奶粉(三鹿牌),2156,517,25.4,29.6,37,1.5
乳类及制品,全脂奶粉(伊利牌),2110,506,22,26,45.5,1.6
乳类及制品,全脂甜奶粉(三鹿牌),2000,480,21.2,21.1,50.5,1.7
乳类及制品,全脂甜奶粉(伊利牌),1998,479,19,21,52.8,1.8
乳类及制品,低脂奶粉(高钙高铁，雀巢),1934,464,27,11.7,61.3,2
乳类及制品,低脂奶粉(高钙高铁，伊利牌),1782,427,27,11,53.9,1.9
乳类及制品,高钙高铁奶粉(可淇牌),1892,454,17,13,66,1.8
乳类及制品,儿童奶粉(安儿健A+，美赞臣),1922,461,17.9,11.1,71,2.5
乳类及制品,儿童奶粉(适体健，美赞臣),1858,446,16,9,75,2.4
乳类及制品,儿童奶粉(惠氏),2000,480,17,15,68,2.6
乳类及制品,炼乳(甜，罐头),1400,336,8,8.7,55.4,1.5
乳类及制品,奶皮子,1902,456,12.2,42.9,6.3,2
乳类及制品,奶片,1982,475,13.3,20.2,59.3,1.5
乳类及制品,全脂甜炼乳(雀巢),1601,384,7.5,10,64.9,1.6
乳类及制品,全脂甜炼乳(燕山牌),1577,378,8.2,10,62.8,1.5
乳类及制品,脱脂甜炼乳,1169,280,10.3,0.2,58,1.7
乳类及制品,中老年奶粉(森永牌),1764,423,22,10,60,2
乳类及制品,奶粉(全脂羊乳粉),2085,500,18.8,25.2,49,2.5
乳类及制品,乳品（酸奶，均值),301,72,2.5,2.7,9.3,0.8
乳类及制品,酸奶(脱脂),241,58,3.3,0.4,10,0.9
乳类及制品,酸奶(调味),372,89,3,3.2,11.9,0.8
乳类及制品,酸奶(果粒),411,99,3.3,2.9,14.6,1
乳类及制品,奶酪[干酪],1366,328,25.7,23.5,3.5,2.5
乳类及制品,奶豆腐(鲜),1287,309,46.2,7.8,12.5,2
乳类及制品,乳酪（羊乳酪）,1144,274,15.6,20.2,7.7,3
乳类及制品,奶酪(光明牌),1442,346,16.5,28.4,6.5,2.6
乳类及制品,奶酪(骑士牌),1608,386,23,25.4,16.3,2.5
乳类及制品,低脂奶酪,1011,242,21.6,11.6,12.6,2.8
乳类及制品,硬质干酪,1756,421,24.9,34.5,3.3,3
乳类及制品,乳品（奶油）,3616,867,0.7,97,0.9,1.5
乳类及制品,黄油,3650,875,1.4,98,0,2
乳类及制品,酥油,3537,848,1.5,94.4,1.1,2.5
乳类及制品,儿童奶粉(可淇牌),1972,473,17,17,62,2.2
乳类及制品,儿童奶粉(三鹿牌),1941,465,18.3,17.5,57.8,2
乳类及制品,儿童奶粉(完达山牌),2060,494,17,18,65,2.1
乳类及制品,孕妇乳母奶粉(惠氏),1836,440,16,6.8,77.2,2.8
乳类及制品,孕妇乳母奶粉(美赞臣),1778,426,23.3,3.9,72.8,2.7
乳类及制品,中老年奶粉(可淇牌),1872,449,18,12,66,2
乳类及制品,中老年奶粉(雀巢),1864,447,30,14.4,48.3,2.2
乳类及制品,中老年奶粉(三鹿牌),1707,409,25.2,5.8,62.6,2
蛋类及制品,鸡蛋黄粉,2666,639,31.6,55.1,5.3,10
蛋类及制品,蛋（松花蛋，鸡蛋),742,178,14.8,10.6,5.8,1.5
蛋类及制品,毛蛋,730,175,14.2,13.2,Tr,1
蛋类及制品,荷包蛋(油煎),807,194,13.5,15,1.3,2
蛋类及制品,荷包蛋(煮),645,155,12.3,11.7,0.2,1.5
蛋类及制品,蛋（鸭蛋）,748,179,12.6,13,3.1,1.4
蛋类及制品,鸭蛋白,199,48,9.9,,1.8,1
蛋类及制品,鸭蛋黄,1565,375,14.5,33.8,4,2
鱼虾蟹贝类,鲇鱼[胡子鲇，鲢胡，旺虾],431,103,17.3,3.7,Tr,2
鱼虾蟹贝类,鲒花,491,118,15.6,6.1,Tr,2.5
鱼虾蟹贝类,鲢鱼[白鲢，胖子，连子鱼],436,105,17.8,3.6,Tr,1
鱼虾蟹贝类,鲫鱼[喜头鱼，海附鱼],455,109,17.1,2.7,3.8,3
鱼虾蟹贝类,鲮鱼[雪鲮],402,96,18.4,2.1,0.7,2.5
鱼虾蟹贝类,鳊鱼[鲂鱼，武昌鱼],565,135,18.3,6.3,1.2,2
鱼虾蟹贝类,鳗鲡[鳗鱼，河鳗],755,181,18.6,10.8,2.3,10
鱼虾蟹贝类,鳙鱼[胖头鱼，摆佳鱼，花鲢鱼],421,101,15.3,2.2,4.7,1.5
鱼虾蟹贝类,尖嘴白,578,139,22.7,3.3,4.1,2
鱼虾蟹贝类,口头鱼,565,135,19.6,4.2,4.5,2.5
鱼虾蟹贝类,鲤鱼[鲤拐子],459,110,17.6,4.1,0.5,2
鱼虾蟹贝类,罗非鱼,416,100,18.4,1.5,2.8,2.5
鱼虾蟹贝类,青鱼[青皮鱼，青鳞鱼，青混],497,119,20.1,4.2,Tr,2
鱼虾蟹贝类,乌鳢[黑鱼，石斑鱼，生鱼],359,86,18.5,1.2,Tr,3
鱼虾蟹贝类,鱼（银鱼）[面条鱼],440,106,17.2,4,Tr,5
鱼虾蟹贝类,湟鱼(裸鲤鱼),523,125,17.1,3.2,6.7,3
蛋类及制品,蛋（鹌鹑蛋）,664,159,12.8,11.1,2.1,2
蛋类及制品,海鸭蛋,1014,243,12.7,13.8,16.9,1.5
蛋类及制品,蛋（松花蛋，鸭蛋)[皮蛋],714,171,14.2,10.7,4.5,1.6
蛋类及制品,咸鸭蛋,793,190,12.7,12.7,6.3,1.5
蛋类及制品,咸鸭蛋(煮),734,176,13.8,13.5,0,1.6
蛋类及制品,蛋（鹅蛋）,814,195,11.1,15.6,2.8,2
蛋类及制品,鹅蛋白,206,49,8.9,,3.2,1.5
蛋类及制品,蛋黄（鹅蛋黄）,1346,323,15.5,26.4,6.2,2.5
蛋类及制品,鹅蛋(煮),736,176,12.7,13.6,1,2.2
鱼虾蟹贝类,白条鱼(裸鱼),432,104,16.6,3.3,1.6,2
鱼虾蟹贝类,草鱼[白鲩，草包鱼],475,114,16.6,5.2,Tr,2.5
鱼虾蟹贝类,赤眼鳟[金目鱼],459,110,18.1,4.1,Tr,2
鱼虾蟹贝类,感鱼[猴鱼],477,114,17.5,4.3,1.2,3
鱼虾蟹贝类,胡子鲇[塘虱(鱼)],611,147,15.4,8,3.1,2.5
鱼虾蟹贝类,黄颡鱼[戈牙鱼，黄鳍鱼],523,125,17.8,2.7,7.1,4
鱼虾蟹贝类,鱼（黄鳝）[鳝鱼],378,91,18,1.4,1.2,8
鱼虾蟹贝类,黄鳝丝,291,70,15.4,0.8,Tr,10
蛋类及制品,蛋（鸡蛋，均值),599,144,13.3,8.8,2.8,1.2
蛋类及制品,鸡蛋(白皮),574,138,12.7,9,1.5,1.1
蛋类及制品,鸡蛋(红皮),650,156,12.8,11.1,1.3,1.2
蛋类及制品,鸡蛋(土鸡),577,138,14.4,6.4,5.6,1.5
蛋类及制品,鸡蛋白,254,61,11.6,0.1,3.1,1
蛋类及制品,鸡蛋白(乌骨鸡),187,45,9.8,0.1,1,1.2
蛋类及制品,蛋黄（鸡蛋黄）,1360,326,15.2,28.2,3.4,1.5
蛋类及制品,鸡蛋黄(乌骨鸡),1092,262,15.2,19.9,5.7,1.8
鱼虾蟹贝类,鲭鱼(蒸),1614,387,14.6,36.5,0.9,3
鱼虾蟹贝类,鲭鱼(煮),1538,369,14.9,34.5,0.5,2.5
鱼虾蟹贝类,沙丁鱼(茄汁，熟),648,155,13.8,9.8,3,2
鱼虾蟹贝类,沙丁鱼(盐水浸),767,184,21.5,9.6,2.7,1.5
鱼虾蟹贝类,沙丁鱼(油浸),986,236,23.3,14.1,4,2
鱼虾蟹贝类,午餐鱼(香辣味),1588,381,24.4,30.2,3.3,2.5
鱼虾蟹贝类,鳕鱼(烤),422,101,21.4,1.2,0.8,3
鱼虾蟹贝类,鳕鱼(炸),1032,247,12.4,14.3,17.4,3.5
鱼虾蟹贝类,刺蛄[刺蛄],324,78,16,1.4,Tr,2
鱼虾蟹贝类,虾（东方对虾）[中国对虾],357,86,18.3,0.5,1.6,10
鱼虾蟹贝类,虾（海虾）,333,80,16.8,0.6,1.5,8
鱼虾蟹贝类,虾（河虾）,368,88,16.4,2.4,Tr,10
鱼虾蟹贝类,虾（基围虾）,427,102,18.2,1.4,3.9,15
鱼虾蟹贝类,江虾[沼虾],367,88,10.3,0.9,9.3,8
鱼虾蟹贝类,虾（龙虾）,379,91,18.9,1.1,1,20
鱼虾蟹贝类,塘水虾[草虾],405,97,21.2,1.2,Tr,6
鱼虾蟹贝类,金鲨鱼翅(干),1487,357,84.1,0.5,2.3,50
鱼虾蟹贝类,鱼排,677,162,10.1,2.4,24.5,2.5
鱼虾蟹贝类,鱼丸,453,109,11.1,1.3,12.7,2
鱼虾蟹贝类,鱼子酱,846,203,9.6,7.1,24.7,15
鱼虾蟹贝类,凤尾鱼(熟),2155,517,23.5,43,9.7,2.5
鱼虾蟹贝类,箭鱼(炸),1131,271,20.8,16.1,10.7,3
鱼虾蟹贝类,金枪鱼(盐水浸),444,106,23.5,0.6,1.3,3
鱼虾蟹贝类,金枪鱼(油浸),804,193,27.1,9,0.6,3.5
鱼虾蟹贝类,梅童鱼[大头仔鱼，丁珠鱼],506,121,18.9,5,0,2.5
鱼虾蟹贝类,沙丁鱼[沙鲻],377,90,19.8,1.1,Tr,2
鱼虾蟹贝类,沙钻鱼[多鳞喜，沙梭，麦穗鱼],355,85,18.4,0.6,1.2,2.5
鱼虾蟹贝类,舌鳎[花纹舌头，舌头鱼],353,85,17.7,1.4,Tr,3
鱼虾蟹贝类,油抒[香梭鱼],603,145,15.9,9,Tr,2.5
鱼虾蟹贝类,颚针鱼[针量鱼],752,180,20.2,10.4,1.4,3
鱼虾蟹贝类,鲅鱼[马鲛鱼，燕鲅鱼，巴鱼],511,123,21.2,3.1,2.1,2.5
鱼虾蟹贝类,鲆[片口鱼，比目鱼],472,113,20.8,3.2,Tr,3
鱼虾蟹贝类,海鳗[鲫勾],513,123,18.8,5,0.5,15
鱼虾蟹贝类,红娘鱼[翼红娘鱼],442,106,18,2.8,1.9,2.5
鱼虾蟹贝类,黄姑鱼[黄婆鸡(鱼)],572,137,18.4,7,Tr,3
鱼虾蟹贝类,黄鱼(大黄花鱼),407,98,17.7,2.5,0.8,10
鱼虾蟹贝类,黄鱼(小黄花鱼),417,100,17.9,3,0.1,8
鱼虾蟹贝类,黄鲂[赤虹，老板鱼],343,82,18.5,0.5,0.6,5
鱼虾蟹贝类,金线鱼[红三鱼],424,102,18.6,2.9,0,3
鱼虾蟹贝类,绿鳍马面豚[面包鱼，橡皮鱼],350,84,18.1,0.6,1.2,2.5
鱼虾蟹贝类,蟹足棒,522,125,9,0.6,20.4,2
鱼虾蟹贝类,鲍鱼[杂色鲍],356,85,12.6,0.8,6.6,10
鱼虾蟹贝类,鲍鱼(干),1360,326,54.1,5.6,13.7,20
鱼虾蟹贝类,蛏子,171,41,7.3,0.3,2.1,3
鱼虾蟹贝类,河蚌,227,54,10.9,0.8,0.7,2
鱼虾蟹贝类,河蚬[蚬子],200,48,7,1.4,1.7,2.5
鱼虾蟹贝类,牡蛎[海蛎子],307,74,5.3,2.1,8.2,5
鱼虾蟹贝类,生蚝,241,58,10.9,1.5,0,6
鱼虾蟹贝类,鲮鱼(豆豉，熟),1963,471,25.5,33.1,17.9,2.5
鱼虾蟹贝类,鳗鱼(红烧),886,212,21.3,9.8,9.5,12
鱼虾蟹贝类,鲭鱼(烤，150℃，10分),1679,403,16.5,37.8,Tr,3
鱼虾蟹贝类,鲭鱼(烤，150℃，20分),1612,387,19.1,34.8,Tr,3.2
鱼虾蟹贝类,鲭鱼(烤，150℃，30分),2188,525,19.9,50,Tr,3.5
鱼虾蟹贝类,鲭鱼(烤，180℃，10分),1520,365,20.2,31.8,Tr,3.3
鱼虾蟹贝类,鲭鱼(烤，210℃，10分),1929,463,19,43.4,Tr,3.5
鱼虾蟹贝类,鲭鱼(炸),2270,544,17.2,53.4,0.1,3.5
鱼虾蟹贝类,鲈鱼[鲈花],442,106,18.6,3.4,Tr,5
鱼虾蟹贝类,鲐鱼[青鲐鱼，鲐巴鱼，青砖鱼],650,156,19.9,7.4,2.2,2.5
鱼虾蟹贝类,鲑鱼[大麻哈鱼],581,139,17.2,7.8,0,10
鱼虾蟹贝类,鲑鱼籽酱[大麻哈鱼籽酱],1052,252,10.9,16.8,14.4,20
鱼虾蟹贝类,鲚鱼(大)[大凤尾鱼],442,106,13.2,5.5,0.8,3
鱼虾蟹贝类,鲚鱼(小)[小凤尾鱼],520,125,15.5,5.1,4,2.5
鱼虾蟹贝类,鲳鱼[平鱼，银鲳，刺鲳],585,140,18.5,7.3,0,5
鱼虾蟹贝类,鲷[黑鲷，铜盆鱼，大目鱼],446,107,17.9,2.6,2.7,4
鱼虾蟹贝类,鳜鱼[桂鱼，花鲫鱼],494,118,19.9,4.2,Tr,10
鱼虾蟹贝类,鳟鱼[红鳟鱼],416,100,18.6,2.6,0.2,5
鱼虾蟹贝类,白姑鱼[白米子(鱼)],628,151,19.1,8.2,Tr,2.5
鱼虾蟹贝类,参鱼[蓝圆参，边鱼],522,125,18.5,3.4,4.8,2
鱼虾蟹贝类,带鱼[白带鱼，刀鱼],535,128,17.7,4.9,3.1,5
鱼虾蟹贝类,堤鱼,795,191,17.6,12.8,1.3,2.5
鱼虾蟹贝类,狗母鱼[大头狗母鱼],420,101,16.7,2.3,3,2
鱼虾蟹贝类,海鲫鱼[九九鱼],857,206,17,13.7,3.6,2.5
鱼虾蟹贝类,鲻鱼[白眼棱鱼],499,120,18.9,4.8,Tr,2
鱼虾蟹贝类,鲽[比目鱼，凸眼鱼],452,108,21.1,2.3,0.5,3
鱼虾蟹贝类,鳐鱼[夫鱼],380,91,20.8,0.7,Tr,2.5
鱼虾蟹贝类,鳓鱼[快鱼，力鱼],666,160,20.7,8.5,Tr,3
鱼虾蟹贝类,鳕鱼[鳕狭，明太鱼],374,90,20.4,0.5,0.5,3
鱼虾蟹贝类,鳘鱼,377,90,20.2,0.9,0,4
鱼虾蟹贝类,双髻鲨,469,112,27.4,0.1,Tr,5
鱼虾蟹贝类,鱼片干,1284,308,46.1,3.4,22,5
鱼虾蟹贝类,螺(均值),424,102,15.7,1.2,6.6,2.5
鱼虾蟹贝类,文蛤丸,883,212,16.2,9.2,15.7,2
鱼虾蟹贝类,海参,330,79,16.5,0.2,2.5,10
鱼虾蟹贝类,海参(干),1107,265,50.2,4.8,4.5,50
鱼虾蟹贝类,海蜇皮,139,33,3.7,0.3,3.8,3
鱼虾蟹贝类,海蜇头,314,75,6,0.3,11.8,4
鱼虾蟹贝类,墨鱼[曼氏无针乌贼],349,84,15.2,0.9,3.4,3
鱼虾蟹贝类,墨鱼(干)[曼氏无针乌贼],1216,292,65.3,1.9,2.1,5
鱼虾蟹贝类,泥蚶[血蚶，珠蚶],302,72,10,0.8,6,3
鱼虾蟹贝类,扇贝(鲜),255,61,11.1,0.6,2.6,5
鱼虾蟹贝类,扇贝(干)[干贝],1121,269,55.6,2.4,5.1,10
鱼虾蟹贝类,银蚶[蚶子],298,71,12.2,1.4,2.3,2.5
鱼虾蟹贝类,贻贝(鲜)[淡菜，壳菜],337,81,11.4,1.7,4.7,2
鱼虾蟹贝类,贻贝(干)[淡菜，壳菜],1498,359,47.8,9.3,20.1,3
鱼虾蟹贝类,海蚌[西施舌],176,42,9.5,0.3,0.2,3
鱼虾蟹贝类,蛤蜊(均值),260,62,10.1,1.1,2.8,2.5
鱼虾蟹贝类,虾虎,342,82,11.6,1.7,4.8,2
鱼虾蟹贝类,虾皮,646,155,30.7,2.2,2.5,1.5
鱼虾蟹贝类,螯虾,392,94,14.8,3.8,0,3
鱼虾蟹贝类,虾米[海米，虾仁],839,201,43.7,2.6,Tr,2.5
鱼虾蟹贝类,虾酱,465,112,10.8,7.6,Tr,2
鱼虾蟹贝类,蟹（海蟹）,400,96,13.8,2.3,4.7,10
鱼虾蟹贝类,蟹（河蟹）,433,104,17.5,2.6,2.3,15
鱼虾蟹贝类,蟹肉,260,62,11.6,1.2,1.1,5
婴幼儿食品,幼儿奶粉(安儿宝A+，美赞臣),2000,480,17.8,15,67.2,2.6
婴幼儿食品,幼儿奶粉(惠氏),2016,483,15.8,15.8,68.4,2.8
婴幼儿食品,幼儿奶粉(惠氏，简装),2020,484,15.8,16,68.2,2.7
婴幼儿食品,幼儿奶粉(可淇牌),1992,478,16.5,18,61.5,2.3
婴幼儿食品,幼儿奶粉(美素高),1916,459,22.1,18.4,52,2.5
婴幼儿食品,幼儿奶粉(美素高，全能装),2017,484,22.1,18.4,56.5,2.6
婴幼儿食品,幼儿奶粉(美素高，袋装),2017,484,22.1,18.4,56.5,2.4
婴幼儿食品,幼儿奶粉(雀巢),1947,467,21.6,19,51.6,2.5
婴幼儿食品,较大婴儿配方奶粉(爱力大2，美赞臣),2036,488,16.1,16.8,67.1,2.6
婴幼儿食品,较大婴儿配方奶粉(安婴宝，美赞臣),2024,485,15.2,16.2,68.6,2.5
婴幼儿食品,较大婴儿配方奶粉(安婴宝A+，美赞臣),2026,486,15.9,16.3,67.8,2.6
婴幼儿食品,较大婴儿配方奶粉(健儿乐，惠氏),2100,504,18,20,62,2.8
婴幼儿食品,较大婴儿配方奶粉(健儿乐，惠氏，简装),2100,504,18,20,62,2.7
婴幼儿食品,较大婴儿配方奶粉(可淇牌),2052,492,15,21,60,2.3
婴幼儿食品,较大婴儿配方奶粉(美素乐2),2046,491,15,21,61,2.5
婴幼儿食品,较大婴儿配方奶粉(美素乐),2025,486,15,21.5,57.3,2.4
婴幼儿食品,较大婴儿配方奶粉(美素乐，袋装),2025,486,15,21.5,57.3,2.3
婴幼儿食品,较大婴幼儿配方奶粉(吉利蜜2，森永牌),1981,475,18,20,55,2.6
婴幼儿食品,较大婴幼儿配方奶粉(力多精2，雀巢),1947,467,20.4,19,52.8,2.5
婴幼儿食品,较大婴儿配方奶粉(圣元牌),2160,518,15,23,62,2.4
婴幼儿食品,较大婴幼儿奶粉(高钙，圣元牌),2150,516,15,22.5,62.5,2.5
婴幼儿食品,较大婴幼儿配方奶粉(完达山牌),1984,476,18,18,59.5,2.4
婴幼儿食品,幼儿奶粉(爱力大3，美赞臣),2026,486,16.6,16.3,67.1,2.7
婴幼儿食品,幼儿奶粉(安儿宝，美赞臣),2000,480,17.8,15,67.2,2.6
婴幼儿食品,幼儿奶粉(雀巢金牌),1938,465,18.5,18,56.3,2.8
婴幼儿食品,幼儿奶粉(森永牌),1923,461,20,17.5,55,2.6
婴幼儿食品,幼儿奶粉(圣元牌),2070,496,17.5,18.5,64,2.5
婴幼儿食品,胡萝卜苹果泥(亨氏),174,42,0.8,0.1,9.8,1.5
婴幼儿食品,鸡肝蔬菜泥(亨氏),326,78,4,2.2,10.7,1.6
婴幼儿食品,香甜胡萝卜泥(亨氏),134,32,1,0.2,7.6,1.5
婴幼儿食品,豆奶粉,1787,429,19,8,68.7,1.5
婴幼儿食品,米粉(雀巢),1697,407,6.1,2.5,88.3,1.2
鱼虾蟹贝类,乌贼(鲜)[鱿鱼，台湾枪乌贼，枪,355,85,17.4,1.6,Tr,暂无公开均价
鱼虾蟹贝类,鱿鱼(干)[台湾枪乌贼],1323,317,60,4.6,7.8,5
鱼虾蟹贝类,鱿鱼(水浸),319,76,17,0.8,Tr,2.5
鱼虾蟹贝类,乌鱼蛋,280,67,14.1,1.1,Tr,2
鱼虾蟹贝类,章鱼[真蛸],219,53,10.6,0.4,1.4,4
鱼虾蟹贝类,甲鱼蛋,534,128,12.5,7.3,3,2.5
鱼虾蟹贝类,墨鱼丸,538,129,13.4,4.7,8,2
婴幼儿食品,婴儿配方奶粉(力多精1，雀巢),2123,509,12.5,25.8,56.2,2.5
婴幼儿食品,婴儿配方奶粉(美素力1),2172,521,11.1,27,58.9,2.6
婴幼儿食品,婴儿配方奶粉(美素力H),2192,526,10.8,27,59.4,2.7
婴幼儿食品,婴儿配方奶粉(美素力，袋装),2192,526,10.8,27,59.4,2.5
婴幼儿食品,婴儿配方奶粉(圣元牌),2260,542,12.5,28,59.5,2.4
婴幼儿食品,婴儿配方奶粉(完达山牌),2123,509,13.3,27.5,51.7,2.4
婴幼儿食品,婴儿奶粉(高钙，圣元牌),2240,537,12.8,27,60.2,2.5
婴幼儿食品,婴儿配方豆粉(爱儿素，惠氏),2240,537,14,27,59,2.6
婴幼儿食品,婴儿配方奶粉(爱儿乐，惠氏),2260,542,12,28,60,2.8
婴幼儿食品,婴儿配方奶粉(爱儿乐，惠氏，简装),2260,542,11,28,61,2.7
婴幼儿食品,婴儿配方奶粉(爱力大1，美赞臣),2140,513,12.5,22,65.5,2.6
婴幼儿食品,婴儿配方奶粉(安婴儿，美赞臣),2280,547,11,29,60,2.5
婴幼儿食品,婴儿配方奶粉(安婴儿A+，美赞臣),2280,547,11,29,60,2.6
婴幼儿食品,婴儿配方奶粉(安婴乐，美赞臣),2260,542,11,28,61,2.5
婴幼儿食品,婴儿配方奶粉(吉利蜜1，森永牌),2157,517,12.6,27,55.5,2.6
婴幼儿食品,婴儿配方奶粉(可淇牌),2132,511,12,25,59,2.3
婴幼儿食品,米粉(高蛋白，雀巢),1771,425,15,9,69.6,1.5
婴幼儿食品,米粉(高蛋白，亨氏),1611,386,15.7,2,75.9,1.6
婴幼儿食品,米粉(苹果，雀巢),1654,397,5.4,2.8,85.8,1.4
婴幼儿食品,米粉(蔬菜，亨氏),1672,401,10,3,81.8,1.5
婴幼儿食品,米粉(蔬菜，雀巢),1665,399,6.7,3.2,84.3,1.4
婴幼儿食品,米粉(胡萝卜，亨氏),1640,393,5,1.5,88.2,1.5
婴幼儿食品,米粉(胡萝卜，雀巢),1680,403,6.4,4.1,83.5,1.4
婴幼儿食品,米粉(番茄，亨氏),1658,398,6.2,2,87,1.5
婴幼儿食品,米粉(猪肝蔬菜，亨氏),1658,398,10,3,81,1.6
婴幼儿食品,米粉(鱼肉蔬菜，亨氏),1626,390,14.5,1.5,77.9,1.7
婴幼儿食品,麦粉(蜂蜜，雀巢),1645,394,8.4,3.4,82.1,1.5
小吃、甜饼,艾窝窝,811,194,4.3,,43.4,2
小吃、甜饼,白水羊头,808,194,22.4,11,1.2,3
小吃、甜饼,茶汤,394,94,1.5,0.1,21.5,1.5
小吃、甜饼,炒肝,400,96,2.8,8,3.3,2.5
小吃、甜饼,春卷,1933,464,6.1,33.7,34.8,2
小吃、甜饼,豆腐脑(带卤),201,48,2.6,1.8,5.4,2
小吃、甜饼,灌肠,569,136,0.2,0.3,32.8,1.5
小吃、甜饼,煎饼,1498,359,7.6,0.7,83.8,1.5
小吃、甜饼,月饼(豆沙),1730,415,8.2,13.6,65.6,3
小吃、甜饼,月饼(五仁),1781,427,8,16,64,3.5
小吃、甜饼,月饼(枣泥),1792,430,7.1,15.7,64.9,3.2
小吃、甜饼,月饼(蛋黄),1682,403,6,20,50.2,4
小吃、甜饼,月饼(豆沙),1409,338,5.4,6.9,64.8,3
小吃、甜饼,月饼(桂花板栗),1432,343,5.7,6.6,66.3,3.5
小吃、甜饼,月饼(奶油莲芸),1557,373,5.5,13,60.4,3.8
小吃、甜饼,板油酥饼,1512,363,7.6,14.9,49.4,2.5
小吃、甜饼,春卷(素馅),797,191,4.9,4.6,33.8,1.8
小吃、甜饼,黑芝麻汤圆,1319,316,4.4,13.8,44.2,2
小吃、甜饼,醪糟,428,103,2.6,0.2,22.4,1.5
小吃、甜饼,煎饼,1408,338,9.5,3.5,70,1.5
小吃、甜饼,过桥米线,397,95,4,3.8,11.8,2.5
小吃、甜饼,蛋糕(均值),1472,353,8.6,5.1,67.1,3
小吃、甜饼,蛋糕(巧克力),1886,452,4.7,30.4,40.2,3.5
小吃、甜饼,蛋糕(水果),1435,344,2.9,9.1,61.7,3.2
小吃、甜饼,年糕,661,159,3.3,0.6,34.7,1.5
小吃、甜饼,青稞炒面,1549,371,11.8,2.2,77,2
小吃、甜饼,热干面,646,155,4.2,2.4,28.7,2.5
小吃、甜饼,豌豆黄,584,140,7.5,0.6,26.7,2
小吃、甜饼,油茶,406,97,2.4,0.9,20,1.5
小吃、甜饼,油炸豆瓣,1713,411,25.1,9.8,54.7,1
小吃、甜饼,炸糕,1182,283,6.1,12.3,37.3,2
小吃、甜饼,糌粑(稞麦熟品),1091,262,4.1,13.1,32.5,2.5
小吃、甜饼,酥皮糕点,1804,433,8.1,15.5,65,2.5
小吃、甜饼,桃酥,2024,485,7.1,21.8,65.1,2
小吃、甜饼,芝麻桃酥,1963,471,7,17.7,70.1,2.2
小吃、甜饼,茯苓夹饼,1464,351,4.4,0.4,84.3,2.5
小吃、甜饼,沙琪玛蛋酥,2135,512,5.9,30.4,55.1,3
小吃、甜饼,香橙水果馅饼,1872,449,4.8,19,64.2,2.5
小吃、甜饼,焦圈,2224,533,6.9,34.9,48.9,1.5
小吃、甜饼,京八件,1851,444,7.2,16.4,67.6,3
小吃、甜饼,栗羊羹,1283,308,3.7,0.6,70.9,2.5
小吃、甜饼,凉粉,160,38,0.2,0.3,8.9,1
小吃、甜饼,凉面,709,170,4.8,1.7,33.3,1.5
小吃、甜饼,龙虾片,1451,348,0.6,0.1,85.5,1.5
小吃、甜饼,驴打滚,840,201,8.2,0.2,41.8,2
小吃、甜饼,密三刀,1795,430,4.4,14.2,70.7,2.5
速食食品,鸡柳汉堡(肯德基),1135,272,13.9,13.6,23.8,2.5
速食食品,香芋甜心(肯德基),1191,286,2.8,7.5,51.8,1.5
速食食品,鸡肉汉堡(肯德基),1240,297,7.9,16.3,31,2
速食食品,鸡肉卷(肯德基),1070,257,10.1,13.1,25.2,2.2
速食食品,上校鸡块(肯德基),1100,264,16.9,12.5,21.1,2.5
速食食品,辣鸡翅(肯德基),1412,339,19.4,23.6,12.8,3
速食食品,新奥尔良鸡翅(肯德基),1002,240,22.1,13.8,6.8,3.2
速食食品,劲爆鸡米花(肯德基),1272,305,18.4,18.9,16.2,2.8
小吃、甜饼,蛋黄酥,1643,394,11.7,3.9,76.9,2.5
小吃、甜饼,夹心酥饼,2015,483,5.3,24.7,59.7,2
小吃、甜饼,江米条,1854,445,5.7,11.7,78.1,1.5
小吃、甜饼,开口笑,2165,519,8.4,30,55.3,1.8
小吃、甜饼,绿豆糕,1492,358,12.8,1,73.4,2
小吃、甜饼,麻烘糕,1685,404,3.8,3.8,87.2,2.5
小吃、甜饼,麻花,2201,528,8.3,31.5,53.4,2
小吃、甜饼,米花糖,1631,391,3.1,3.3,85.8,1.5
速食食品,甜玉米籽粒(肯德基),525,126,3.2,0.2,28.6,1.5
速食食品,薯条(肯德基),1289,309,4.3,15.5,40.5,2
速食食品,比萨饼(夹奶酪),949,228,12.2,5.1,32.5,3
速食食品,比萨饼(夹奶酪、肉和蔬菜),989,237,16.5,6.8,26.9,3.5
速食食品,三明治(夹火腿、干酪),1020,245,14.2,10.6,22.8,2.5
速食食品,三明治(夹鸡蛋、干酪),973,233,10.7,13.3,17.7,2.2
速食食品,三明治(夹鸡肉片，无调料酱),1186,284,13.3,16.2,21.2,2
速食食品,三明治(夹烤牛肉片),1040,249,15.5,9.9,24.1,2.5
速食食品,三明治(夹鱼肉片),1151,276,10.7,14.4,25.9,2.3
速食食品,干酪汉堡包(夹熏肉，加调料酱),1301,312,16.4,18.9,19,2.5
速食食品,干酪汉堡包(普通型，夹单层肉饼，无调料酱),1327,318,14.5,14.9,31.1,2
速食食品,干酪汉堡包(普通型，夹奶酪、单层肉饼，加调料酱),1102,264,14.1,12.5,23.5,2.2
速食食品,干酪汉堡包(普通型，夹奶酪、单层肉饼，加调料酱和蔬菜),984,236,11.6,12.9,18.2,2.5
速食食品,干酪汉堡包(普通型，夹奶酪、双层肉饼、双层面包，加调料酱和蔬菜),1191,286,13,15.5,23.3,3
速食食品,汉堡包(普通型，夹肉饼，加调料酱和蔬菜),1076,258,11.7,12.3,24.8,2.5
速食食品,热狗(原味),1041,250,10.6,14.8,18.4,2
速食食品,麦片,1551,372,12.4,7.4,67.3,1.5
速食食品,燕麦片,1593,382,15,6.7,66.9,2
速食食品,玉米片(即食粥),1655,397,7.2,3.7,82.3,1.5
速食食品,早餐奶,285,68,2.3,3.1,7.7,0.8
速食食品,八宝粥(康师傅牌),344,82,1.5,4.4,9.4,1.5
速食食品,八宝粥(亲亲牌),326,78,2.1,4,8.8,1.4
速食食品,八宝粥(同茂牌),199,48,1.3,0.2,10.2,1.3
速食食品,八宝粥(娃哈哈牌),274,66,1.7,0.9,12.8,1.5
速食食品,糯米饭团,1393,334,5.9,17.6,38.3,1.5
速食食品,什锦炒饭,779,187,5,5.6,29.7,2.5
速食食品,虾仁炒饭,566,136,4.7,1.7,26.3,3
速食食品,面包(均值),1322,317,8.3,5.1,58.6,2
速食食品,法式牛角面包,1587,381,8.4,14.3,54.6,2.5
速食食品,果料面包,1184,284,8.5,2.1,57,2.2
速食食品,黄油面包,1393,334,7.9,8.7,55.6,2
速食食品,维生素面包,1180,283,8.8,5.6,48.6,1.8
速食食品,八宝粥(无糖，娃哈哈牌),202,48,1.6,0.8,9.3,1.6
速食食品,八宝粥(椰树牌),311,75,1.7,1,15.5,1.5
速食食品,黑芝麻糊粉,1756,421,6.9,7.5,82.3,1.5
速食食品,麦片,1708,410,6.5,9.7,76.3,1.5
速食食品,麦片(原味香奶),1764,423,4.7,9,82.8,1.6
速食食品,燕麦片,1595,382,14.4,9.7,65.3,2
速食食品,燕麦片(果仁、甜),1749,419,8.9,11.1,73.5,2.5
速食食品,苦荞麦片(无糖),1741,418,7.2,8,77.9,2
速食食品,葡萄干面包,1099,264,6.6,3.7,50.1,2.2
速食食品,饼干(均值),1832,439,9,12.7,71.7,2
速食食品,苏打饼干,1723,413,8.4,7.7,76.2,1.5
速食食品,饼干(三明治),2188,525,7.1,30.4,57.9,2
速食食品,饼干(夹心),1928,462,6.2,15.9,75.3,2.5
速食食品,饼干(甜酥夹心),2330,559,5.6,35.1,55.6,2.8
速食食品,饼干(苏打夹心),1983,476,7.6,19.3,69.8,2.2
速食食品,曲奇饼(加奶油),2201,528,6.4,27.2,63.9,3
速食食品,水饺(三鲜馅),1028,247,8.8,12.3,26.6,2.5
速食食品,水饺(猪肉白菜馅),940,225,7.5,10.8,26,2
速食食品,水饺(猪肉韭菜馅),1068,256,7,14.4,26,2.2
速食食品,水饺(猪肉芹菜馅),1084,260,7,16.8,22.1,2.1
速食食品,水饺(猪肉茴香馅),961,230,7.3,9.1,31.1,2.3
速食食品,水饺(猪肉香菇馅),961,230,12.3,15.3,11.5,2.4
速食食品,水饺(猪肉虾仁馅),1116,268,10,15.4,22.7,2.8
速食食品,水饺(鸡肉蘑菇馅),768,184,7.4,7.4,22.7,2.5
速食食品,玉米片,1579,379,7,0.8,86,1.5
速食食品,玉米片(低钠),1642,394,7.7,0.3,88.8,1.6
速食食品,方便面,1983,476,9.5,21.1,61.6,1.5
速食食品,干脆面(鸡汁味),2122,509,11.4,27,55.2,1.2
速食食品,海鲜味方便面(含调味料),1901,456,10.4,19.2,60.1,1.5
速食食品,海鲜味方便面面饼,1515,363,10.4,,78.7,1
速食食品,海鲜方便面调味料,1695,406,10.2,,89.5,0.5
速食食品,红烧牛肉方便面(含调味料),1887,453,10.2,17.9,62.6,1.5
速食食品,红烧牛肉方便面面饼,1561,374,10.4,,81.4,1
速食食品,红烧牛肉方便面调味料,1408,338,6.8,,76,0.5
速食食品,鳕鱼方便面(含调味料),1975,474,10.2,24.2,53.7,1.6
速食食品,鳕鱼方便面面饼,1542,370,10.2,,80.5,1.1
速食食品,鳕鱼方便面调味料,350,84,10.2,,10.4,0.5
速食食品,铁板牛肉炒面(含调味料),1868,448,11.7,18.8,59.3,1.8
速食食品,铁板牛肉炒面面饼,1547,371,12,,81.3,1.2
速食食品,铁板牛肉炒面调味料,1341,322,10.1,,68.8,0.6
速食食品,玉米红烧牛肉味方便面(含调味料),1405,337,5.8,4.1,68.5,1.6
速食食品,玉米红烧牛肉味方便面面饼,1263,303,6,,68.3,1.1
速食食品,玉米红烧牛肉味方便面调味料,1391,334,3.6,,78.2,0.5
速食食品,海鲜鸡汁味米线(含调味料),713,171,4.5,1,35.5,1.5
速食食品,海鲜鸡汁味米线面饼,699,168,3.9,,37.2,1
速食食品,海鲜鸡汁味米线调味料,1295,311,7.2,,69,0.5
速食食品,冬菜虾仁馄饨,744,178,9.1,4.3,26.5,2.5
速食食品,韭菜合子,878,211,7.5,11.3,20.3,2
速食食品,海苔,1117,268,29.4,4.8,50.4,1.5
速食食品,香菇片,1492,358,9.9,12.4,61.9,1
速食食品,薯片(烧烤味),2317,556,7.5,37.6,49.2,1.5
速食食品,薯片(香辣味),2350,564,7.4,40,46.6,1.6
速食食品,薯圈,2432,583,1.3,42.6,51.7,1.5
速食食品,怪味胡豆,1767,424,12.6,12.1,69.6,1.5
速食食品,奶油五香豆,1169,280,26.2,2,54,1.2
速食食品,夹心米果,2480,595,5,41.9,50.4,1.5
速食食品,水饺(海鳗猪肉馅),1043,250,14.3,17.7,8.5,2.8
速食食品,水饺(海鳗虾仁馅),1114,267,12.3,20,9.7,3
速食食品,包子(三鲜馅),939,225,7.4,8.6,29.1,2
速食食品,包子(猪肉馅),965,231,7.3,10,28.6,1.8
速食食品,酥香兰花豆,1759,422,12.8,13.6,61.7,1.5
速食食品,雪米饼,1968,472,5.5,17.6,73.5,1.2
速食食品,蛋酥卷,2261,542,8.1,35.3,53.7,1.5
速食食品,巧克力派,1813,435,4.3,17.7,65.7,2
速食食品,法式卷饼,2272,545,7.6,34,54.7,1.5
速食食品,立体脆,2041,489,6,24.7,63.8,1.2
速食食品,粟米脆,2322,557,5.6,34.7,56.5,1
速食食品,通心脆,2138,513,3.1,29.6,61.6,1.2
速食食品,洋葱圈,2010,482,4.3,21.3,68.5,1.5
速食食品,虾片,2243,538,5.3,30.9,59.5,1
速食食品,锅巴(豆香),2235,536,7.6,30.6,59.2,1.2
速食食品,锅巴(小米),2350,564,6,36.9,54.6,1
饮料类,可口可乐,184,44,0.1,0,10.7,0.6
饮料类,甘蔗汁,277,66,0.4,0.1,16,1
饮料类,菠萝汁饮料(大湖牌),153,37,0.3,0.2,8.3,1.5
饮料类,苹果汁饮料(光明牌),229,55,0.1,0.3,12.8,1.2
饮料类,橙汁饮料(光明牌),187,45,0.7,0.1,10.2,1.2
饮料类,橙汁饮料(茹梦牌),194,47,0.3,0.2,10.8,1.5
饮料类,橙汁饮料(汇源牌),195,47,0.5,0,11,1.3
饮料类,橙汁饮料(三得利牌),200,48,Tr,0,12.8,1.5
饮料类,冰棍,200,48,0.8,0.2,10.5,1
饮料类,冰淇淋,531,127,2.4,5.3,17.3,2
饮料类,冰淇淋(草莓味),641,154,2.7,3.2,28.5,2.2
饮料类,冰淇淋(苦咖啡味),858,206,2.9,10.1,25.6,2.5
饮料类,冰淇淋(加奶油),882,212,3.5,12.8,20.5,2.3
饮料类,冰淇淋(草莓圣代),616,148,2.9,2.6,27.7,2.5
饮料类,冰淇淋(巧克力圣代),731,175,3.6,4.8,29,2.8
饮料类,冰淇淋(脆皮甜筒),668,160,3.5,5.5,23.9,3
饮料类,山楂果肉饮料,232,56,0.1,0.2,13.5,1.5
饮料类,酸枣果汁饮料,116,28,0.1,0,6.7,1.2
饮料类,西番莲汁饮料,211,51,0.2,0.1,12,1.5
饮料类,西柚汁饮料,146,35,0.6,0.4,7.3,1.8
饮料类,椰子汁饮料,213,51,0.7,2.4,6.6,1.5
饮料类,杏仁椰汁饮料,167,40,0.6,0.1,9,1.8
饮料类,胡萝卜汁饮料,105,25,0.1,0,6.3,1.2
饮料类,AD钙奶,232,56,1.1,0.1,12.3,0.8
速食食品,乐芙球,2455,589,7.6,45,43.9,1.5
速食食品,玉米花,1787,429,10.8,13.4,70.4,1
速食食品,果仁脆枣,2063,495,13,25.6,55.1,2
速食食品,空心脆枣,1627,390,6.5,1.2,88.6,1.5
速食食品,果冻(草莓水果冻),302,72,0.1,0.2,17.2,1.5
速食食品,果冻(蒟蒻冻),431,103,0,Tr,25.6,1.8
速食食品,果冻(蒟蒻椰果冻),468,112,0,Tr,27.8,2
速食食品,果冻(AD钙果冻),297,71,0.1,0.4,16.5,1.6
饮料类,健康快车奶饮料,158,38,1.1,0.6,6.9,0.8
饮料类,酸乳饮料(发酵),229,55,0.7,0.3,12.1,0.6
饮料类,核桃乳(儿童型),183,44,0.8,2.1,5.4,1.5
饮料类,核桃乳(女性型),222,53,0.9,2.7,6.3,1.6
饮料类,核桃乳(中老年型),216,52,0.9,2.9,5.5,1.5
饮料类,核桃乳(佐餐调和型),213,51,0.8,2.9,5.4,1.4
饮料类,杏仁露,205,49,0.7,2.1,6.8,1.5
饮料类,茶（绿茶）,1381,331,34.2,2.3,50.3,1
饮料类,可可粉,1464,351,20.9,8.4,54.5,1.5
饮料类,麦乳精,1812,435,8.5,9.7,77,1.2
饮料类,酸梅晶,1676,402,0.2,,98.4,1
饮料类,高乐高营养饮品,1681,403,5.8,2.4,88.4,1.5
饮料类,果珍,1727,414,0.1,2.2,96.7,1.2
饮料类,柠檬茶,1724,413,0.2,1.7,97.5,1.5
饮料类,咖啡豆,1292,310,17.1,8.8,68.9,5
饮料类,咖啡粉,1508,362,12.2,0.5,75.4,3
饮料类,冰淇淋(花心筒),1173,281,4.2,13.1,36.7,3.5
饮料类,冰淇淋(金白合),854,205,3.3,10.5,24.5,3
饮料类,雪糕(百乐宝),619,148,2.8,6.2,20.1,1.5
饮料类,雪糕(红豆缘),909,218,2.7,4.8,41.2,1.8
饮料类,棒冰(可乐冰),311,75,Tr,1,17.1,1.2
饮料类,棒冰(七彩旋),403,97,Tr,1.1,22.3,1.5
含酒精饮料,啤酒(均值),80,19,0.4,,4.3,1.5
含酒精饮料,啤酒(4.3％，青岛牌),117,28,0.4,0,6.5,1.6
含酒精饮料,啤酒(4％，燕京牌),73,18,0.3,0,4,1.5
含酒精饮料,啤酒(5.1％，生力牌),126,30,0.4,0,7,1.8
含酒精饮料,葡萄酒(均值),175,42,0.1,,10.2,3
含酒精饮料,白葡萄酒,161,39,0.1,,9.4,2.5
含酒精饮料,红葡萄酒,180,43,0.1,,10.5,3.5
含酒精饮料,葡萄酒(干白，11％，长城牌),173,41,0.1,0,10.1,3
含酒精饮料,加饭黄酒,102,24,1.6,,4.4,2
含酒精饮料,江米酒,233,56,1.6,,12.1,1.5
含酒精饮料,绍兴黄酒(15度),206,49,,,12.1,2.5
含酒精饮料,花雕酒(16.5％),355,85,1,0,19.9,3
含酒精饮料,崇明老白酒,724,174,,,42.6,2
含酒精饮料,低度汉酒(37.2度),524,126,,,30.8,2.5
含酒精饮料,二锅头(58度),852,204,,,50.1,3
含酒精饮料,甘州大曲,758,182,,,44.6,2.5
含酒精饮料,葡萄酒(干白，12％，张裕牌),196,47,0.3,0,11.2,3.2
含酒精饮料,葡萄酒(半干白，11.5％，王朝牌),190,46,0.3,0,10.9,3
含酒精饮料,葡萄酒(干红，11.5％，长城牌),187,45,0.2,0,10.8,3.5
含酒精饮料,葡萄酒(干红，11.5％，王朝牌),192,46,0.3,0,11,3.4
含酒精饮料,葡萄酒(干红，12％，张裕牌),195,47,0.3,0,11.2,3.6
含酒精饮料,黑加仑酒(8％),137,33,Tr,0.2,8.6,2
含酒精饮料,雪利酒,360,86,0.1,0,21.1,2.5
含酒精饮料,黄酒,173,41,1.6,,8.6,2
含酒精饮料,宁河大曲,762,183,,,44.8,2.5
含酒精饮料,宁河二曲,763,183,,,44.9,2.2
含酒精饮料,曲酒(55度),802,192,,,47.2,2.8
含酒精饮料,三粮小麦(55度),802,192,,,47.2,3
含酒精饮料,丝路春酒,765,183,,,45,2.5
含酒精饮料,特制汉酒(59.9度),884,212,,,52,3.5
含酒精饮料,特制三粮酒(56.2度),823,197,,,48.4,3.2
含酒精饮料,乌林春酒(青稞酒),833,200,,,49,2.5
含酒精饮料,五酿春(44.4度),632,152,,,37.2,2.4
含酒精饮料,小麦酒(48度),689,165,,,40.5,2.5
含酒精饮料,小麦酒(50度),721,173,,,42.4,2.6
含酒精饮料,燕岭春(57度),835,200,,,49.1,3
含酒精饮料,醉流霞(57度),835,200,,,49.1,3
含酒精饮料,董酒(浓香型，46％),660,158,Tr,0,39.8,3.5
含酒精饮料,二锅头(56%),819,196,Tr,0,49.2,2.8
含酒精饮料,汾酒(清香型，53％),770,185,Tr,0,46.3,3
含酒精饮料,酸味威士忌(16.8%),391,94,0,0,23,2.5
糖、果脯和蜜饯、蜂蜜,糖（白砂糖）,1698,407,,,99.9,1
糖、果脯和蜜饯、蜂蜜,糖（绵白糖）,1683,404,0.1,,98.9,1.2
糖、果脯和蜜饯、蜂蜜,糖（冰糖）,1688,405,,,99.3,1.5
糖、果脯和蜜饯、蜂蜜,糖（红糖）,1654,397,0.7,,96.6,1.2
糖、果脯和蜜饯、蜂蜜,花生牛轧糖,1820,436,4.9,12.3,75.4,2
糖、果脯和蜜饯、蜂蜜,奶糖,1723,413,2.5,6.6,84.5,1.5
糖、果脯和蜜饯、蜂蜜,巧克力,2451,588,4.3,40.1,53.4,3
糖、果脯和蜜饯、蜂蜜,巧克力(维夫)[朱古力威化],2394,574,8.2,38.4,49.7,2.5
含酒精饮料,古井贡酒(浓香型，38％),541,130,Tr,0,32.8,3
含酒精饮料,剑南春(52％),758,182,Tr,0,45.6,3.5
含酒精饮料,剑南春(浓香型，38％),541,130,Tr,0,32.8,3
含酒精饮料,京酒(浓香型，38％),537,129,Tr,0,32.6,2.5
含酒精饮料,茅台酒(53％),770,185,Tr,0,46.3,10
含酒精饮料,五粮液(52％),755,181,Tr,0,45.4,8
含酒精饮料,竹叶青酒(45％),821,197,Tr,0,49.3,3
含酒精饮料,金奖白兰地(38％),556,133,Tr,0,33.7,2.5
含酒精饮料,伏特加,568,136,0,0,33.4,2
含酒精饮料,威士忌,614,147,0,0,36.1,2.5
含酒精饮料,苹果酒(干型),128,31,Tr,0,7.5,1.5
含酒精饮料,苹果酒(甜),150,36,Tr,0,8.8,1.8
含酒精饮料,果汁朗姆酒(9.9%),630,151,0.4,1.9,32.5,2
含酒精饮料,鸡尾酒,221,53,0,0,13,3
含酒精饮料,马提尼酒(32%),610,146,0,0,35.9,2.5
含酒精饮料,曼哈顿酒(30.6%),575,138,0.1,0,33.7,2.4
含酒精饮料,汉口白酒(49.6度),716,172,,,42.1,2.5
含酒精饮料,汉口小麦酒(40.7度),576,138,,,33.9,2.2
含酒精饮料,黄鹤楼酒(39度),551,132,,,32.4,2.5
含酒精饮料,精制小麦酒,578,139,,,34,2
含酒精饮料,景泰大曲,738,177,,,43.4,2.5
含酒精饮料,景泰二曲,697,167,,,41,2.2
含酒精饮料,酒泉酒,833,200,,,49,2.5
含酒精饮料,凉洲曲酒,765,183,,,45,2.4
糖、果脯和蜜饯、蜂蜜,酥糖,1866,447,6,13.9,75.6,1.5
糖、果脯和蜜饯、蜂蜜,酸三色糖,1688,405,,0.4,98.4,1.2
糖、果脯和蜜饯、蜂蜜,夹心糖,2072,497,2.6,20.7,74.2,1.5
糖、果脯和蜜饯、蜂蜜,水果味软糖,1567,376,6,0.3,85.6,1.2
糖、果脯和蜜饯、蜂蜜,牛奶糖,1840,441,2.2,8.2,88.2,1.5
糖、果脯和蜜饯、蜂蜜,酸奶软糖,1713,411,Tr,1.6,98.3,1.6
糖、果脯和蜜饯、蜂蜜,太妃糖,1906,457,3.7,16.5,72.8,2
糖、果脯和蜜饯、蜂蜜,巧克力(充气),2284,548,9.2,32.8,54.9,2.5
糖、果脯和蜜饯、蜂蜜,金糕条[山楂条],1286,308,0.6,0.6,74.6,1.5
糖、果脯和蜜饯、蜂蜜,山楂果丹皮,1383,332,1,0.8,80,1.2
糖、果脯和蜜饯、蜂蜜,冰糖酸角,1148,275,2.3,0,68.9,1.5
糖、果脯和蜜饯、蜂蜜,甘草杏,758,182,2.7,1.1,46.1,1.2
糖、果脯和蜜饯、蜂蜜,清凉杏肉,1350,324,2,0.2,79,1.5
糖、果脯和蜜饯、蜂蜜,雪梅,1207,289,3.1,1.1,72.4,1.2
糖、果脯和蜜饯、蜂蜜,九制梅肉,1226,294,3.4,3.2,70.8,1.5
糖、果脯和蜜饯、蜂蜜,九制西梅,1082,259,2.6,1.2,65.9,1.8
糖、果脯和蜜饯、蜂蜜,巧克力(果仁),2218,532,9.9,33.5,53.5,3.5
糖、果脯和蜜饯、蜂蜜,巧克力(黑),2247,539,4.2,30,65.8,4
糖、果脯和蜜饯、蜂蜜,巧克力(牛奶),2416,579,8.2,39.2,49.9,3.2
糖、果脯和蜜饯、蜂蜜,海棠脯,1232,295,0.6,0.2,72.6,1.5
糖、果脯和蜜饯、蜂蜜,李广杏脯,1243,298,2.8,0.3,72.1,1.8
糖、果脯和蜜饯、蜂蜜,苹果脯,1443,346,0.6,0.1,84.9,1.5
糖、果脯和蜜饯、蜂蜜,桃脯,1336,320,1.4,0.4,77.6,1.6
糖、果脯和蜜饯、蜂蜜,杏脯,1414,339,0.8,0.6,82,1.5
糖、果脯和蜜饯、蜂蜜,九制应子,770,185,2.3,0.6,48.6,1.5
糖、果脯和蜜饯、蜂蜜,梅脯,1345,323,0.3,1.1,78.8,1.2
糖、果脯和蜜饯、蜂蜜,阿胶枣,1431,343,2.5,0.2,82,2
糖、果脯和蜜饯、蜂蜜,黑贡枣,1348,323,2.7,0.9,78,1.5
糖、果脯和蜜饯、蜂蜜,多味山楂,1100,264,1.8,1.9,61.8,1.2
糖、果脯和蜜饯、蜂蜜,山楂脯,1090,261,0.5,0.6,62.9,1.5
糖、果脯和蜜饯、蜂蜜,地瓜干,1453,348,2.4,0.1,83.9,1
糖、果脯和蜜饯、蜂蜜,蜂蜜,1362,327,0.4,1.9,75.6,2
油脂类,牛油,3435,824,,92,1.8,3
油脂类,羊油,3392,813,,88,8,2.5
油脂类,猪油(炼),3689,885,,99.6,0.2,2
油脂类,油（菜籽油)[青油],3696,886,,99.9,0,1.5
油脂类,油（茶油),3696,886,,99.9,0,2
油脂类,豆油,3696,886,,99.9,0,1.2
油脂类,油（红花油),3698,887,,99.9,0.1,1.8
油脂类,油（胡麻油),3700,887,,100,0,1.5
油脂类,花生油,3696,886,,99.9,Tr,2
油脂类,葵花籽油,3696,886,,99.9,0,1.5
油脂类,油（辣椒油),3700,887,,100,0,1
油脂类,油（麦芽油),3698,887,,99.9,0.1,1.5
油脂类,油（棉籽油),3694,886,,99.8,0.1,1.2
油脂类,色拉油,3693,886,,99.8,0,1.5
油脂类,油（椰子油),3698,887,,99.9,0.1,2
油脂类,玉米油,3679,882,,99.2,0.5,1.5
糖、果脯和蜜饯、蜂蜜,蜂蜜(槐花),1536,368,0.2,0.3,89.5,2.2
糖、果脯和蜜饯、蜂蜜,蜂蜜(天麻),1386,332,5.2,0.3,75.7,2.5
糖、果脯和蜜饯、蜂蜜,蜂蜜(硬蜜),1392,334,0.3,0.5,80.5,2
糖、果脯和蜜饯、蜂蜜,蜂蜜(油菜花),1437,345,0.2,0.3,83.7,2.1
油脂类,大豆色拉油,3698,887,0,99.9,0.1,1.6
油脂类,色拉油,3694,886,0,99.7,0.3,1.5
油脂类,芝麻油[香油],3692,885,,99.7,0.2,2
油脂类,油（棕榈油),3700,887,,100,0,1.2
油脂类,油（橄榄油),3698,887,,99.9,0.1,3
油脂类,核桃油,3680,882,0,99.1,0.8,2.5
油脂类,栗米油[玉米胚芽油],3700,887,0,100,0,1.8
油脂类,米糠油,3674,881,0,98.7,1.3,1.5
油脂类,油茶籽油,3693,886,0,99.8,0,2
油脂类,芝麻油[香油],3692,885,0,99.7,0.2,2
调味品类,酱油(均值),269,65,5.6,0.1,10.1,1.5
调味品类,黄豆酱油,165,40,5.1,0.2,4.2,1.2
调味品类,老抽,550,132,7.9,0.3,23.8,1.5
调味品类,生抽,85,20,4.8,0.1,0,1.8
调味品类,醋(均值),130,31,2.1,0.3,4.9,1
调味品类,白醋,24,6,0.1,0.6,Tr,0.8
调味品类,陈醋,482,116,9.8,0.3,17.9,1.2
调味品类,豆瓣酱,760,182,13.6,6.8,17.1,1.5
调味品类,花生酱,2481,595,6.9,53,25.3,2
调味品类,黄酱[大酱],582,140,12.1,1.2,21.3,1.2
调味品类,辣椒酱[辣椒糊],148,35,0.8,2.8,3.2,1.5
调味品类,甜面酱,588,141,5.5,0.6,28.5,1.2
调味品类,五香豆豉,1143,274,24.1,3,39.7,1.5
调味品类,芝麻酱,2609,626,19.2,52.7,22.7,2
调味品类,郫县辣酱,447,107,4,1,24.8,1.8
调味品类,海鲜酱(阿香婆),2051,492,3,41.1,28.2,2
调味品类,番茄酱,359,86,4.9,0.2,16.9,1.5
调味品类,苹果酱,1181,283,0.4,0.1,69,1.2
调味品类,桃酱,1166,280,0.4,0.2,68,1.3
调味品类,杏酱,1216,292,0.2,0.3,70.9,1.2
调味品类,草莓酱,1215,291,0.3,1.1,69.3,1.5
调味品类,番茄沙司,488,117,1,0.2,28,1.2
调味品类,腐乳(白)[酱豆腐],562,135,10.9,8.2,4.8,1.5
调味品类,腐乳(臭)[臭豆腐],549,132,11.6,7.9,3.9,1.2
调味品类,酱八宝菜,526,126,5.6,6.1,13.8,1.5
调味品类,麻仁金丝,278,67,3.1,0.6,12.7,1.2
调味品类,腌大头菜,281,67,7,0.2,11.3,1
调味品类,腌芥菜头,110,26,2.4,0.1,5.6,1.2
调味品类,腌韭菜花,123,29,2.8,0.6,3.7,1.5
调味品类,腌萝卜条,230,55,0.6,0.3,15.3,1
调味品类,榨菜(鱼泉牌),162,39,1.8,2,4.8,1.5
调味品类,榨菜(正林牌),69,17,1.5,0.1,4.1,1.6
调味品类,牛肉酱(阿香婆),2074,497,6.2,43,22.2,2.5
调味品类,花生酱,2697,647,22.2,53.1,20.9,2
调味品类,花生酱(加巧克力),2685,644,19.6,55.4,22.1,2.2
调味品类,芝麻酱,2884,692,18,66.8,9.4,2
调味品类,千岛沙拉酱,1972,473,2.3,43.4,19.8,1.5
调味品类,沙拉酱,2980,715,2.8,78.8,1,1.2
调味品类,奶油攀司,2518,604,2.9,42,53.8,1.5
调味品类,草莓酱,1146,275,0.8,0.2,66.3,1.5
调味品类,胡椒粉,1531,367,9.6,2.2,76.9,1
调味品类,花椒,1315,315,6.7,8.9,66.5,1.5
调味品类,五香粉,1511,362,1,8,73.3,1.2
调味品类,咖喱粉,1416,340,13,12.2,63.3,1.5
调味品类,精盐,0,0,,,0,0.5
调味品类,味精,1140,273,40.1,0.2,26.5,1
调味品类,鸡精,832,200,10.7,2.8,32.5,1.2
调味品类,酵母(鲜),451,108,2.6,,23.9,1
调味品类,腐乳(红)[酱豆腐],638,153,12,8.1,8.2,1.5
调味品类,腐乳(香辣味),659,158,13.1,11.6,0.7,1.6
调味品类,腐乳[酱豆腐](白，王致和牌),643,154,12.3,11.6,0.6,1.8
调味品类,萝卜干,281,67,3.3,0.2,14.6,1
调味品类,榨菜,140,34,2.2,0.3,6.5,1.5
调味品类,蕨菜(腌),109,26,2.5,0.3,4.4,1.2
调味品类,腌雪里红,121,29,2.4,0.2,5.4,1
调味品类,剁辣椒,173,41,1.4,0.5,10.8,1.5
调味品类,酵母(干),1575,378,47.6,1.7,45.5,1.2
调味品类,料酒,5,1,0.3,Tr,0,1
